-- users
INSERT INTO users (id, username, email, avatar_url, created_at, status) VALUES (1, 'johnsonjoshua1', 'johnsonjoshua1@gmail.com', 'https://example.com/avatars/1.png', '2025-07-19 17:00:51', 'Online');
INSERT INTO users (id, username, email, avatar_url, created_at, status) VALUES (2, 'jillrhodes2', 'jillrhodes2@hotmail.com', 'https://example.com/avatars/2.png', '2024-11-23 02:14:29', 'Idle');
INSERT INTO users (id, username, email, avatar_url, created_at, status) VALUES (3, 'garzaanthony3', 'garzaanthony3@gmail.com', 'https://example.com/avatars/3.png', '2025-02-16 11:40:55', 'Offline');
INSERT INTO users (id, username, email, avatar_url, created_at, status) VALUES (4, 'jesseguzman4', 'jesseguzman4@hotmail.com', 'https://example.com/avatars/4.png', '2025-01-06 13:42:43', 'Online');
INSERT INTO users (id, username, email, avatar_url, created_at, status) VALUES (5, 'jennifermiles5', 'jennifermiles5@yahoo.com', 'https://example.com/avatars/5.png', '2025-08-03 04:25:14', 'Online');
INSERT INTO users (id, username, email, avatar_url, created_at, status) VALUES (6, 'shaneramirez6', 'shaneramirez6@gmail.com', 'https://example.com/avatars/6.png', '2025-06-30 16:54:48', 'Do not disturb');
INSERT INTO users (id, username, email, avatar_url, created_at, status) VALUES (7, 'helenpeterson7', 'helenpeterson7@gmail.com', 'https://example.com/avatars/7.png', '2024-11-25 17:21:37', 'Online');
INSERT INTO users (id, username, email, avatar_url, created_at, status) VALUES (8, 'susanrogers8', 'susanrogers8@gmail.com', 'https://example.com/avatars/8.png', '2024-12-19 18:25:38', 'Offline');
INSERT INTO users (id, username, email, avatar_url, created_at, status) VALUES (9, 'wdavis9', 'wdavis9@hotmail.com', 'https://example.com/avatars/9.png', '2025-02-11 17:40:52', 'Online');
INSERT INTO users (id, username, email, avatar_url, created_at, status) VALUES (10, 'lindsay7810', 'lindsay7810@gmail.com', 'https://example.com/avatars/10.png', '2025-06-19 08:18:27', 'Offline');
INSERT INTO users (id, username, email, avatar_url, created_at, status) VALUES (11, 'smiller11', 'smiller11@hotmail.com', 'https://example.com/avatars/11.png', '2025-08-18 10:54:39', 'Do not disturb');
INSERT INTO users (id, username, email, avatar_url, created_at, status) VALUES (12, 'barbara1012', 'barbara1012@hotmail.com', 'https://example.com/avatars/12.png', '2025-02-06 23:46:47', 'Do not disturb');
INSERT INTO users (id, username, email, avatar_url, created_at, status) VALUES (13, 'kendragalloway13', 'kendragalloway13@gmail.com', 'https://example.com/avatars/13.png', '2025-06-30 05:28:43', 'Idle');
INSERT INTO users (id, username, email, avatar_url, created_at, status) VALUES (14, 'jamesshawn14', 'jamesshawn14@yahoo.com', 'https://example.com/avatars/14.png', '2025-09-23 17:33:47', 'Online');
INSERT INTO users (id, username, email, avatar_url, created_at, status) VALUES (15, 'mitchellclark15', 'mitchellclark15@yahoo.com', 'https://example.com/avatars/15.png', '2025-09-04 01:43:18', 'Offline');
INSERT INTO users (id, username, email, avatar_url, created_at, status) VALUES (16, 'lynchgeorge16', 'lynchgeorge16@hotmail.com', 'https://example.com/avatars/16.png', '2025-08-11 12:15:18', 'Do not disturb');
INSERT INTO users (id, username, email, avatar_url, created_at, status) VALUES (17, 'frankgray17', 'frankgray17@hotmail.com', 'https://example.com/avatars/17.png', '2025-03-25 12:29:20', 'Idle');
INSERT INTO users (id, username, email, avatar_url, created_at, status) VALUES (18, 'gabriellecameron18', 'gabriellecameron18@gmail.com', 'https://example.com/avatars/18.png', '2025-01-12 18:17:54', 'Offline');
INSERT INTO users (id, username, email, avatar_url, created_at, status) VALUES (19, 'lydiatrujillo19', 'lydiatrujillo19@yahoo.com', 'https://example.com/avatars/19.png', '2025-09-05 21:24:19', 'Idle');
INSERT INTO users (id, username, email, avatar_url, created_at, status) VALUES (20, 'carl9520', 'carl9520@gmail.com', 'https://example.com/avatars/20.png', '2024-12-23 01:47:35', 'Online');
INSERT INTO users (id, username, email, avatar_url, created_at, status) VALUES (21, 'pfoster21', 'pfoster21@yahoo.com', 'https://example.com/avatars/21.png', '2025-04-09 22:18:12', 'Online');
INSERT INTO users (id, username, email, avatar_url, created_at, status) VALUES (22, 'josephwright22', 'josephwright22@hotmail.com', 'https://example.com/avatars/22.png', '2025-04-01 19:03:17', 'Idle');
INSERT INTO users (id, username, email, avatar_url, created_at, status) VALUES (23, 'julie6923', 'julie6923@yahoo.com', 'https://example.com/avatars/23.png', '2025-07-05 20:15:32', 'Idle');
INSERT INTO users (id, username, email, avatar_url, created_at, status) VALUES (24, 'jeffrey2824', 'jeffrey2824@yahoo.com', 'https://example.com/avatars/24.png', '2025-09-22 20:06:18', 'Online');
INSERT INTO users (id, username, email, avatar_url, created_at, status) VALUES (25, 'camposmichelle25', 'camposmichelle25@gmail.com', 'https://example.com/avatars/25.png', '2025-08-23 18:43:03', 'Do not disturb');
INSERT INTO users (id, username, email, avatar_url, created_at, status) VALUES (26, 'laurahenderson26', 'laurahenderson26@gmail.com', 'https://example.com/avatars/26.png', '2025-06-09 15:07:57', 'Online');
INSERT INTO users (id, username, email, avatar_url, created_at, status) VALUES (27, 'djames27', 'djames27@hotmail.com', 'https://example.com/avatars/27.png', '2025-11-06 13:32:25', 'Do not disturb');
INSERT INTO users (id, username, email, avatar_url, created_at, status) VALUES (28, 'tasha0128', 'tasha0128@hotmail.com', 'https://example.com/avatars/28.png', '2024-12-13 23:35:43', 'Idle');
INSERT INTO users (id, username, email, avatar_url, created_at, status) VALUES (29, 'kayla5129', 'kayla5129@yahoo.com', 'https://example.com/avatars/29.png', '2025-10-01 11:44:10', 'Idle');
INSERT INTO users (id, username, email, avatar_url, created_at, status) VALUES (30, 'amoore30', 'amoore30@hotmail.com', 'https://example.com/avatars/30.png', '2025-06-25 14:26:11', 'Offline');
INSERT INTO users (id, username, email, avatar_url, created_at, status) VALUES (31, 'teresa2831', 'teresa2831@gmail.com', 'https://example.com/avatars/31.png', '2025-08-14 00:12:35', 'Online');
INSERT INTO users (id, username, email, avatar_url, created_at, status) VALUES (32, 'meagan8932', 'meagan8932@gmail.com', 'https://example.com/avatars/32.png', '2024-12-01 04:14:19', 'Offline');
INSERT INTO users (id, username, email, avatar_url, created_at, status) VALUES (33, 'nathanielmartin33', 'nathanielmartin33@hotmail.com', 'https://example.com/avatars/33.png', '2025-09-09 14:38:37', 'Idle');
INSERT INTO users (id, username, email, avatar_url, created_at, status) VALUES (34, 'georgetracy34', 'georgetracy34@gmail.com', 'https://example.com/avatars/34.png', '2024-12-14 08:50:22', 'Offline');
INSERT INTO users (id, username, email, avatar_url, created_at, status) VALUES (35, 'natasha4335', 'natasha4335@gmail.com', 'https://example.com/avatars/35.png', '2025-10-15 21:20:15', 'Online');
INSERT INTO users (id, username, email, avatar_url, created_at, status) VALUES (36, 'nataliearroyo36', 'nataliearroyo36@gmail.com', 'https://example.com/avatars/36.png', '2025-04-10 00:09:27', 'Idle');
INSERT INTO users (id, username, email, avatar_url, created_at, status) VALUES (37, 'wcabrera37', 'wcabrera37@hotmail.com', 'https://example.com/avatars/37.png', '2025-05-08 11:12:53', 'Idle');
INSERT INTO users (id, username, email, avatar_url, created_at, status) VALUES (38, 'davidalvarez38', 'davidalvarez38@hotmail.com', 'https://example.com/avatars/38.png', '2025-01-15 13:10:13', 'Idle');
INSERT INTO users (id, username, email, avatar_url, created_at, status) VALUES (39, 'josephbrennan39', 'josephbrennan39@yahoo.com', 'https://example.com/avatars/39.png', '2025-03-31 08:29:14', 'Offline');
INSERT INTO users (id, username, email, avatar_url, created_at, status) VALUES (40, 'sarahcampos40', 'sarahcampos40@hotmail.com', 'https://example.com/avatars/40.png', '2025-07-31 15:36:35', 'Idle');
INSERT INTO users (id, username, email, avatar_url, created_at, status) VALUES (41, 'jenniferross41', 'jenniferross41@hotmail.com', 'https://example.com/avatars/41.png', '2025-08-12 22:33:49', 'Online');
INSERT INTO users (id, username, email, avatar_url, created_at, status) VALUES (42, 'samuel8742', 'samuel8742@gmail.com', 'https://example.com/avatars/42.png', '2025-07-07 22:38:12', 'Offline');
INSERT INTO users (id, username, email, avatar_url, created_at, status) VALUES (43, 'jeffreymorgan43', 'jeffreymorgan43@hotmail.com', 'https://example.com/avatars/43.png', '2025-06-08 19:40:08', 'Offline');
INSERT INTO users (id, username, email, avatar_url, created_at, status) VALUES (44, 'briannasmith44', 'briannasmith44@hotmail.com', 'https://example.com/avatars/44.png', '2025-01-15 20:08:45', 'Do not disturb');
INSERT INTO users (id, username, email, avatar_url, created_at, status) VALUES (45, 'perezrebecca45', 'perezrebecca45@yahoo.com', 'https://example.com/avatars/45.png', '2025-04-09 17:54:19', 'Idle');
INSERT INTO users (id, username, email, avatar_url, created_at, status) VALUES (46, 'palmerjoshua46', 'palmerjoshua46@yahoo.com', 'https://example.com/avatars/46.png', '2025-11-07 18:23:43', 'Offline');
INSERT INTO users (id, username, email, avatar_url, created_at, status) VALUES (47, 'ambercummings47', 'ambercummings47@hotmail.com', 'https://example.com/avatars/47.png', '2025-08-06 06:11:30', 'Idle');
INSERT INTO users (id, username, email, avatar_url, created_at, status) VALUES (48, 'esanchez48', 'esanchez48@yahoo.com', 'https://example.com/avatars/48.png', '2025-10-06 17:04:25', 'Online');
INSERT INTO users (id, username, email, avatar_url, created_at, status) VALUES (49, 'clintonhopkins49', 'clintonhopkins49@yahoo.com', 'https://example.com/avatars/49.png', '2025-02-10 08:00:25', 'Online');
INSERT INTO users (id, username, email, avatar_url, created_at, status) VALUES (50, 'ujenkins50', 'ujenkins50@gmail.com', 'https://example.com/avatars/50.png', '2025-09-22 00:41:42', 'Idle');
INSERT INTO users (id, username, email, avatar_url, created_at, status) VALUES (51, 'brownjessica51', 'brownjessica51@gmail.com', 'https://example.com/avatars/51.png', '2025-04-18 04:15:04', 'Idle');
INSERT INTO users (id, username, email, avatar_url, created_at, status) VALUES (52, 'jamesherrera52', 'jamesherrera52@gmail.com', 'https://example.com/avatars/52.png', '2024-12-09 02:02:49', 'Offline');
INSERT INTO users (id, username, email, avatar_url, created_at, status) VALUES (53, 'dwhite53', 'dwhite53@gmail.com', 'https://example.com/avatars/53.png', '2025-11-03 00:10:11', 'Idle');
INSERT INTO users (id, username, email, avatar_url, created_at, status) VALUES (54, 'ramosmichelle54', 'ramosmichelle54@hotmail.com', 'https://example.com/avatars/54.png', '2025-02-03 22:56:50', 'Do not disturb');
INSERT INTO users (id, username, email, avatar_url, created_at, status) VALUES (55, 'williamsyvette55', 'williamsyvette55@gmail.com', 'https://example.com/avatars/55.png', '2025-04-16 00:40:51', 'Do not disturb');
INSERT INTO users (id, username, email, avatar_url, created_at, status) VALUES (56, 'housemelinda56', 'housemelinda56@gmail.com', 'https://example.com/avatars/56.png', '2025-01-07 20:47:03', 'Idle');
INSERT INTO users (id, username, email, avatar_url, created_at, status) VALUES (57, 'ntucker57', 'ntucker57@yahoo.com', 'https://example.com/avatars/57.png', '2025-01-06 14:34:24', 'Offline');
INSERT INTO users (id, username, email, avatar_url, created_at, status) VALUES (58, 'martinaaron58', 'martinaaron58@yahoo.com', 'https://example.com/avatars/58.png', '2025-08-29 16:55:30', 'Idle');
INSERT INTO users (id, username, email, avatar_url, created_at, status) VALUES (59, 'sara7459', 'sara7459@yahoo.com', 'https://example.com/avatars/59.png', '2025-08-30 11:47:52', 'Do not disturb');
INSERT INTO users (id, username, email, avatar_url, created_at, status) VALUES (60, 'smoore60', 'smoore60@gmail.com', 'https://example.com/avatars/60.png', '2025-10-28 01:26:24', 'Do not disturb');

-- servers
INSERT INTO servers (id, name, icon_url, owner_id, created_at) VALUES (1, 'Riley PLC', 'https://example.com/icons/server_1.png', 24, '2025-02-06 13:20:31');
INSERT INTO servers (id, name, icon_url, owner_id, created_at) VALUES (2, 'Adkins Inc', 'https://example.com/icons/server_2.png', 9, '2025-05-30 06:15:13');
INSERT INTO servers (id, name, icon_url, owner_id, created_at) VALUES (3, 'Silva PLC', 'https://example.com/icons/server_3.png', 32, '2024-12-18 16:27:41');
INSERT INTO servers (id, name, icon_url, owner_id, created_at) VALUES (4, 'Moore, Yu and Miller', 'https://example.com/icons/server_4.png', 49, '2024-12-01 16:16:51');
INSERT INTO servers (id, name, icon_url, owner_id, created_at) VALUES (5, 'Jones Inc', 'https://example.com/icons/server_5.png', 56, '2024-12-25 23:07:42');
INSERT INTO servers (id, name, icon_url, owner_id, created_at) VALUES (6, 'Hensley, Powell and David', 'https://example.com/icons/server_6.png', 10, '2025-07-15 01:20:43');
INSERT INTO servers (id, name, icon_url, owner_id, created_at) VALUES (7, 'Sanchez, Wheeler and Harvey', 'https://example.com/icons/server_7.png', 11, '2025-09-16 23:50:21');
INSERT INTO servers (id, name, icon_url, owner_id, created_at) VALUES (8, 'Sandoval-Cunningham', 'https://example.com/icons/server_8.png', 44, '2025-04-26 07:56:25');
INSERT INTO servers (id, name, icon_url, owner_id, created_at) VALUES (9, 'Donovan-Harris', 'https://example.com/icons/server_9.png', 39, '2024-12-08 01:14:44');
INSERT INTO servers (id, name, icon_url, owner_id, created_at) VALUES (10, 'Edwards, Baker and Anderson', 'https://example.com/icons/server_10.png', 25, '2025-04-10 14:04:26');
INSERT INTO servers (id, name, icon_url, owner_id, created_at) VALUES (11, 'Evans, Stewart and Walton', 'https://example.com/icons/server_11.png', 39, '2025-05-14 03:39:56');
INSERT INTO servers (id, name, icon_url, owner_id, created_at) VALUES (12, 'Smith PLC', 'https://example.com/icons/server_12.png', 34, '2025-02-19 00:28:25');

-- server_members
INSERT INTO server_members (id, user_id, server_id, joined_at, nickname) VALUES (1, 1, 1, '2025-07-03 23:41:33', 'Yolanda');
INSERT INTO server_members (id, user_id, server_id, joined_at, nickname) VALUES (2, 44, 1, '2024-11-20 22:39:39', 'Wendy');
INSERT INTO server_members (id, user_id, server_id, joined_at, nickname) VALUES (3, 47, 1, '2025-04-03 08:21:01', NULL);
INSERT INTO server_members (id, user_id, server_id, joined_at, nickname) VALUES (4, 8, 1, '2025-10-02 08:48:32', NULL);
INSERT INTO server_members (id, user_id, server_id, joined_at, nickname) VALUES (5, 59, 1, '2025-02-14 08:58:54', 'Charles');
INSERT INTO server_members (id, user_id, server_id, joined_at, nickname) VALUES (6, 35, 1, '2025-10-20 08:46:01', NULL);
INSERT INTO server_members (id, user_id, server_id, joined_at, nickname) VALUES (7, 49, 1, '2024-12-13 23:11:36', 'Jason');
INSERT INTO server_members (id, user_id, server_id, joined_at, nickname) VALUES (8, 18, 1, '2025-05-21 02:53:01', NULL);
INSERT INTO server_members (id, user_id, server_id, joined_at, nickname) VALUES (9, 50, 1, '2025-09-04 18:27:01', NULL);
INSERT INTO server_members (id, user_id, server_id, joined_at, nickname) VALUES (10, 42, 1, '2025-01-01 05:17:50', 'Joseph');
INSERT INTO server_members (id, user_id, server_id, joined_at, nickname) VALUES (11, 22, 1, '2025-05-16 23:04:38', NULL);
INSERT INTO server_members (id, user_id, server_id, joined_at, nickname) VALUES (12, 57, 1, '2025-01-16 12:13:09', 'Sarah');
INSERT INTO server_members (id, user_id, server_id, joined_at, nickname) VALUES (13, 19, 1, '2025-10-18 04:47:23', NULL);
INSERT INTO server_members (id, user_id, server_id, joined_at, nickname) VALUES (14, 28, 1, '2025-02-03 15:13:36', NULL);
INSERT INTO server_members (id, user_id, server_id, joined_at, nickname) VALUES (15, 11, 1, '2025-09-02 16:42:22', NULL);
INSERT INTO server_members (id, user_id, server_id, joined_at, nickname) VALUES (16, 30, 1, '2025-01-30 11:59:17', NULL);
INSERT INTO server_members (id, user_id, server_id, joined_at, nickname) VALUES (17, 60, 1, '2025-04-17 08:00:07', NULL);
INSERT INTO server_members (id, user_id, server_id, joined_at, nickname) VALUES (18, 17, 1, '2025-07-23 18:25:37', 'Nicole');
INSERT INTO server_members (id, user_id, server_id, joined_at, nickname) VALUES (19, 33, 1, '2025-10-28 18:08:07', NULL);
INSERT INTO server_members (id, user_id, server_id, joined_at, nickname) VALUES (20, 12, 1, '2024-12-30 08:57:55', 'Natasha');
INSERT INTO server_members (id, user_id, server_id, joined_at, nickname) VALUES (21, 51, 1, '2024-12-08 05:53:20', 'Mike');
INSERT INTO server_members (id, user_id, server_id, joined_at, nickname) VALUES (22, 7, 1, '2025-06-29 20:33:32', NULL);
INSERT INTO server_members (id, user_id, server_id, joined_at, nickname) VALUES (23, 20, 1, '2025-06-29 21:47:01', 'Eric');
INSERT INTO server_members (id, user_id, server_id, joined_at, nickname) VALUES (24, 40, 1, '2024-12-10 22:49:40', NULL);
INSERT INTO server_members (id, user_id, server_id, joined_at, nickname) VALUES (25, 13, 1, '2024-12-06 05:52:03', 'Martha');
INSERT INTO server_members (id, user_id, server_id, joined_at, nickname) VALUES (26, 10, 1, '2025-10-31 00:15:02', 'Jade');
INSERT INTO server_members (id, user_id, server_id, joined_at, nickname) VALUES (27, 24, 1, '2025-03-21 16:56:28', 'Cheryl');
INSERT INTO server_members (id, user_id, server_id, joined_at, nickname) VALUES (28, 46, 1, '2025-02-13 19:29:18', 'Vanessa');
INSERT INTO server_members (id, user_id, server_id, joined_at, nickname) VALUES (29, 56, 1, '2025-05-20 21:30:55', 'Destiny');
INSERT INTO server_members (id, user_id, server_id, joined_at, nickname) VALUES (30, 9, 2, '2025-05-13 18:06:35', NULL);
INSERT INTO server_members (id, user_id, server_id, joined_at, nickname) VALUES (31, 47, 2, '2024-12-04 10:02:11', NULL);
INSERT INTO server_members (id, user_id, server_id, joined_at, nickname) VALUES (32, 57, 2, '2025-07-22 07:57:22', 'Alan');
INSERT INTO server_members (id, user_id, server_id, joined_at, nickname) VALUES (33, 37, 2, '2025-04-18 17:49:36', NULL);
INSERT INTO server_members (id, user_id, server_id, joined_at, nickname) VALUES (34, 58, 2, '2025-09-20 07:11:14', NULL);
INSERT INTO server_members (id, user_id, server_id, joined_at, nickname) VALUES (35, 31, 2, '2025-02-17 22:46:10', 'Lisa');
INSERT INTO server_members (id, user_id, server_id, joined_at, nickname) VALUES (36, 16, 2, '2025-06-09 15:40:11', 'Kevin');
INSERT INTO server_members (id, user_id, server_id, joined_at, nickname) VALUES (37, 51, 2, '2025-04-26 05:20:46', 'Elizabeth');
INSERT INTO server_members (id, user_id, server_id, joined_at, nickname) VALUES (38, 55, 2, '2025-05-12 01:07:50', 'Sheila');
INSERT INTO server_members (id, user_id, server_id, joined_at, nickname) VALUES (39, 27, 2, '2025-11-06 22:35:00', 'Dennis');
INSERT INTO server_members (id, user_id, server_id, joined_at, nickname) VALUES (40, 13, 2, '2025-09-23 04:26:15', NULL);
INSERT INTO server_members (id, user_id, server_id, joined_at, nickname) VALUES (41, 7, 2, '2025-06-15 02:31:41', 'Darrell');
INSERT INTO server_members (id, user_id, server_id, joined_at, nickname) VALUES (42, 49, 2, '2025-07-24 15:33:19', NULL);
INSERT INTO server_members (id, user_id, server_id, joined_at, nickname) VALUES (43, 43, 2, '2025-10-04 01:27:58', 'Daniel');
INSERT INTO server_members (id, user_id, server_id, joined_at, nickname) VALUES (44, 28, 2, '2024-12-19 14:23:47', NULL);
INSERT INTO server_members (id, user_id, server_id, joined_at, nickname) VALUES (45, 23, 2, '2025-10-08 23:32:31', 'Angela');
INSERT INTO server_members (id, user_id, server_id, joined_at, nickname) VALUES (46, 46, 2, '2025-04-20 05:10:40', 'Joseph');
INSERT INTO server_members (id, user_id, server_id, joined_at, nickname) VALUES (47, 53, 2, '2025-02-04 09:23:37', NULL);
INSERT INTO server_members (id, user_id, server_id, joined_at, nickname) VALUES (48, 1, 3, '2025-08-30 20:45:43', 'Cassandra');
INSERT INTO server_members (id, user_id, server_id, joined_at, nickname) VALUES (49, 25, 3, '2024-12-02 20:29:05', NULL);
INSERT INTO server_members (id, user_id, server_id, joined_at, nickname) VALUES (50, 17, 3, '2025-05-27 16:01:46', NULL);
INSERT INTO server_members (id, user_id, server_id, joined_at, nickname) VALUES (51, 51, 3, '2025-06-07 15:34:43', 'Jennifer');
INSERT INTO server_members (id, user_id, server_id, joined_at, nickname) VALUES (52, 57, 3, '2025-05-29 14:25:44', 'James');
INSERT INTO server_members (id, user_id, server_id, joined_at, nickname) VALUES (53, 30, 3, '2025-01-24 13:08:19', 'Cynthia');
INSERT INTO server_members (id, user_id, server_id, joined_at, nickname) VALUES (54, 19, 3, '2024-12-09 18:33:56', NULL);
INSERT INTO server_members (id, user_id, server_id, joined_at, nickname) VALUES (55, 28, 3, '2025-02-12 17:23:01', 'Joseph');
INSERT INTO server_members (id, user_id, server_id, joined_at, nickname) VALUES (56, 45, 3, '2025-10-25 03:12:13', NULL);
INSERT INTO server_members (id, user_id, server_id, joined_at, nickname) VALUES (57, 47, 3, '2025-06-26 05:02:28', NULL);
INSERT INTO server_members (id, user_id, server_id, joined_at, nickname) VALUES (58, 36, 3, '2025-07-11 22:10:42', 'Tracy');
INSERT INTO server_members (id, user_id, server_id, joined_at, nickname) VALUES (59, 43, 3, '2025-07-26 16:17:11', NULL);
INSERT INTO server_members (id, user_id, server_id, joined_at, nickname) VALUES (60, 46, 3, '2025-06-04 09:48:45', 'Rebecca');
INSERT INTO server_members (id, user_id, server_id, joined_at, nickname) VALUES (61, 32, 3, '2025-02-22 15:38:12', 'Meghan');
INSERT INTO server_members (id, user_id, server_id, joined_at, nickname) VALUES (62, 10, 3, '2025-08-18 12:30:57', 'Christopher');
INSERT INTO server_members (id, user_id, server_id, joined_at, nickname) VALUES (63, 13, 3, '2025-02-24 12:49:52', 'Rodney');
INSERT INTO server_members (id, user_id, server_id, joined_at, nickname) VALUES (64, 54, 3, '2025-08-01 05:43:51', NULL);
INSERT INTO server_members (id, user_id, server_id, joined_at, nickname) VALUES (65, 14, 3, '2025-05-09 22:45:58', 'Joshua');
INSERT INTO server_members (id, user_id, server_id, joined_at, nickname) VALUES (66, 4, 3, '2025-09-01 09:00:33', NULL);
INSERT INTO server_members (id, user_id, server_id, joined_at, nickname) VALUES (67, 38, 3, '2024-11-16 23:57:02', 'Adam');
INSERT INTO server_members (id, user_id, server_id, joined_at, nickname) VALUES (68, 35, 3, '2025-06-20 00:36:19', NULL);
INSERT INTO server_members (id, user_id, server_id, joined_at, nickname) VALUES (69, 42, 3, '2024-12-11 19:57:49', NULL);
INSERT INTO server_members (id, user_id, server_id, joined_at, nickname) VALUES (70, 33, 4, '2025-09-26 17:05:13', NULL);
INSERT INTO server_members (id, user_id, server_id, joined_at, nickname) VALUES (71, 17, 4, '2025-11-10 05:43:12', NULL);
INSERT INTO server_members (id, user_id, server_id, joined_at, nickname) VALUES (72, 9, 4, '2025-11-13 00:35:10', NULL);
INSERT INTO server_members (id, user_id, server_id, joined_at, nickname) VALUES (73, 23, 4, '2025-02-24 02:07:31', 'Kellie');
INSERT INTO server_members (id, user_id, server_id, joined_at, nickname) VALUES (74, 5, 4, '2024-12-24 22:46:19', NULL);
INSERT INTO server_members (id, user_id, server_id, joined_at, nickname) VALUES (75, 16, 4, '2025-01-12 18:00:14', 'Dana');
INSERT INTO server_members (id, user_id, server_id, joined_at, nickname) VALUES (76, 24, 4, '2025-07-06 06:32:49', 'Jose');
INSERT INTO server_members (id, user_id, server_id, joined_at, nickname) VALUES (77, 19, 4, '2025-03-26 13:00:01', 'Joyce');
INSERT INTO server_members (id, user_id, server_id, joined_at, nickname) VALUES (78, 11, 4, '2025-07-17 16:39:02', NULL);
INSERT INTO server_members (id, user_id, server_id, joined_at, nickname) VALUES (79, 29, 4, '2025-05-28 15:52:41', 'Andrea');
INSERT INTO server_members (id, user_id, server_id, joined_at, nickname) VALUES (80, 35, 4, '2025-10-30 23:28:19', NULL);
INSERT INTO server_members (id, user_id, server_id, joined_at, nickname) VALUES (81, 46, 4, '2024-12-03 02:36:16', 'Ronald');
INSERT INTO server_members (id, user_id, server_id, joined_at, nickname) VALUES (82, 20, 4, '2025-04-26 21:08:12', NULL);
INSERT INTO server_members (id, user_id, server_id, joined_at, nickname) VALUES (83, 40, 4, '2024-11-30 12:02:34', 'Alec');
INSERT INTO server_members (id, user_id, server_id, joined_at, nickname) VALUES (84, 42, 4, '2025-09-08 20:28:35', 'Charles');
INSERT INTO server_members (id, user_id, server_id, joined_at, nickname) VALUES (85, 34, 4, '2025-02-23 02:43:28', 'Nicole');
INSERT INTO server_members (id, user_id, server_id, joined_at, nickname) VALUES (86, 1, 4, '2025-05-03 23:19:47', NULL);
INSERT INTO server_members (id, user_id, server_id, joined_at, nickname) VALUES (87, 43, 4, '2025-04-28 11:27:19', NULL);
INSERT INTO server_members (id, user_id, server_id, joined_at, nickname) VALUES (88, 45, 5, '2025-01-22 00:53:13', NULL);
INSERT INTO server_members (id, user_id, server_id, joined_at, nickname) VALUES (89, 58, 5, '2025-03-22 09:19:02', NULL);
INSERT INTO server_members (id, user_id, server_id, joined_at, nickname) VALUES (90, 10, 5, '2025-04-22 06:34:09', NULL);
INSERT INTO server_members (id, user_id, server_id, joined_at, nickname) VALUES (91, 35, 5, '2025-10-14 22:47:05', NULL);
INSERT INTO server_members (id, user_id, server_id, joined_at, nickname) VALUES (92, 3, 5, '2025-02-17 18:12:38', 'Rebecca');
INSERT INTO server_members (id, user_id, server_id, joined_at, nickname) VALUES (93, 54, 5, '2025-09-15 03:59:12', NULL);
INSERT INTO server_members (id, user_id, server_id, joined_at, nickname) VALUES (94, 24, 5, '2025-04-10 22:40:18', NULL);
INSERT INTO server_members (id, user_id, server_id, joined_at, nickname) VALUES (95, 38, 5, '2025-10-12 19:47:36', 'Amy');
INSERT INTO server_members (id, user_id, server_id, joined_at, nickname) VALUES (96, 36, 5, '2025-01-29 21:16:40', NULL);
INSERT INTO server_members (id, user_id, server_id, joined_at, nickname) VALUES (97, 59, 5, '2025-05-11 03:27:41', 'Mary');
INSERT INTO server_members (id, user_id, server_id, joined_at, nickname) VALUES (98, 28, 5, '2025-09-28 01:04:40', NULL);
INSERT INTO server_members (id, user_id, server_id, joined_at, nickname) VALUES (99, 9, 5, '2025-02-09 18:28:05', 'Brandi');
INSERT INTO server_members (id, user_id, server_id, joined_at, nickname) VALUES (100, 56, 5, '2025-07-27 17:04:46', 'Earl');
INSERT INTO server_members (id, user_id, server_id, joined_at, nickname) VALUES (101, 20, 5, '2025-03-20 20:44:51', 'David');
INSERT INTO server_members (id, user_id, server_id, joined_at, nickname) VALUES (102, 55, 5, '2024-12-10 08:10:21', NULL);
INSERT INTO server_members (id, user_id, server_id, joined_at, nickname) VALUES (103, 48, 5, '2025-03-01 18:45:28', 'Kyle');
INSERT INTO server_members (id, user_id, server_id, joined_at, nickname) VALUES (104, 23, 5, '2025-05-30 05:07:46', 'Rachel');
INSERT INTO server_members (id, user_id, server_id, joined_at, nickname) VALUES (105, 14, 5, '2025-10-07 00:36:59', NULL);
INSERT INTO server_members (id, user_id, server_id, joined_at, nickname) VALUES (106, 16, 5, '2025-11-13 03:26:56', 'Laura');
INSERT INTO server_members (id, user_id, server_id, joined_at, nickname) VALUES (107, 7, 5, '2025-10-19 23:42:53', NULL);
INSERT INTO server_members (id, user_id, server_id, joined_at, nickname) VALUES (108, 44, 5, '2025-01-21 17:29:49', NULL);
INSERT INTO server_members (id, user_id, server_id, joined_at, nickname) VALUES (109, 52, 5, '2025-02-24 11:27:01', 'Michelle');
INSERT INTO server_members (id, user_id, server_id, joined_at, nickname) VALUES (110, 27, 5, '2025-07-03 01:34:17', 'Rachel');
INSERT INTO server_members (id, user_id, server_id, joined_at, nickname) VALUES (111, 51, 5, '2025-08-23 07:39:23', NULL);
INSERT INTO server_members (id, user_id, server_id, joined_at, nickname) VALUES (112, 42, 5, '2025-05-01 20:36:36', NULL);
INSERT INTO server_members (id, user_id, server_id, joined_at, nickname) VALUES (113, 11, 5, '2025-05-30 23:55:58', 'Jason');
INSERT INTO server_members (id, user_id, server_id, joined_at, nickname) VALUES (114, 12, 5, '2025-10-28 17:06:58', NULL);
INSERT INTO server_members (id, user_id, server_id, joined_at, nickname) VALUES (115, 53, 5, '2025-02-20 07:18:37', 'John');
INSERT INTO server_members (id, user_id, server_id, joined_at, nickname) VALUES (116, 2, 5, '2025-05-01 17:28:30', 'Curtis');
INSERT INTO server_members (id, user_id, server_id, joined_at, nickname) VALUES (117, 60, 6, '2025-04-25 15:58:05', NULL);
INSERT INTO server_members (id, user_id, server_id, joined_at, nickname) VALUES (118, 52, 6, '2025-04-09 15:00:52', NULL);
INSERT INTO server_members (id, user_id, server_id, joined_at, nickname) VALUES (119, 35, 6, '2025-10-29 23:52:55', 'Kimberly');
INSERT INTO server_members (id, user_id, server_id, joined_at, nickname) VALUES (120, 44, 6, '2025-06-22 09:34:11', 'Nicole');
INSERT INTO server_members (id, user_id, server_id, joined_at, nickname) VALUES (121, 47, 6, '2025-06-14 04:16:09', NULL);
INSERT INTO server_members (id, user_id, server_id, joined_at, nickname) VALUES (122, 48, 6, '2025-03-11 09:26:39', 'Richard');
INSERT INTO server_members (id, user_id, server_id, joined_at, nickname) VALUES (123, 55, 6, '2025-04-29 07:58:20', NULL);
INSERT INTO server_members (id, user_id, server_id, joined_at, nickname) VALUES (124, 43, 6, '2025-07-06 23:37:12', NULL);
INSERT INTO server_members (id, user_id, server_id, joined_at, nickname) VALUES (125, 13, 6, '2025-05-12 23:07:42', 'Christine');
INSERT INTO server_members (id, user_id, server_id, joined_at, nickname) VALUES (126, 24, 6, '2025-08-02 18:25:36', 'Eric');
INSERT INTO server_members (id, user_id, server_id, joined_at, nickname) VALUES (127, 28, 6, '2025-05-16 03:32:21', NULL);
INSERT INTO server_members (id, user_id, server_id, joined_at, nickname) VALUES (128, 5, 6, '2025-09-18 12:36:46', NULL);
INSERT INTO server_members (id, user_id, server_id, joined_at, nickname) VALUES (129, 53, 6, '2025-07-27 06:03:30', 'Sarah');
INSERT INTO server_members (id, user_id, server_id, joined_at, nickname) VALUES (130, 22, 6, '2025-06-01 13:29:07', NULL);
INSERT INTO server_members (id, user_id, server_id, joined_at, nickname) VALUES (131, 40, 6, '2025-07-11 21:03:12', 'Michelle');
INSERT INTO server_members (id, user_id, server_id, joined_at, nickname) VALUES (132, 21, 6, '2025-09-27 05:23:02', NULL);
INSERT INTO server_members (id, user_id, server_id, joined_at, nickname) VALUES (133, 54, 6, '2025-02-12 14:15:30', NULL);
INSERT INTO server_members (id, user_id, server_id, joined_at, nickname) VALUES (134, 8, 6, '2025-02-08 14:55:37', NULL);
INSERT INTO server_members (id, user_id, server_id, joined_at, nickname) VALUES (135, 20, 6, '2025-01-09 14:33:46', 'Theresa');
INSERT INTO server_members (id, user_id, server_id, joined_at, nickname) VALUES (136, 33, 6, '2025-02-16 11:13:20', NULL);
INSERT INTO server_members (id, user_id, server_id, joined_at, nickname) VALUES (137, 42, 6, '2025-07-08 18:36:38', NULL);
INSERT INTO server_members (id, user_id, server_id, joined_at, nickname) VALUES (138, 27, 6, '2024-12-11 15:55:57', 'Lisa');
INSERT INTO server_members (id, user_id, server_id, joined_at, nickname) VALUES (139, 45, 6, '2025-10-23 12:31:08', NULL);
INSERT INTO server_members (id, user_id, server_id, joined_at, nickname) VALUES (140, 26, 6, '2025-01-27 21:23:31', NULL);
INSERT INTO server_members (id, user_id, server_id, joined_at, nickname) VALUES (141, 19, 6, '2025-04-11 12:03:47', 'Nicole');
INSERT INTO server_members (id, user_id, server_id, joined_at, nickname) VALUES (142, 9, 6, '2025-02-16 03:13:27', 'Angel');
INSERT INTO server_members (id, user_id, server_id, joined_at, nickname) VALUES (143, 59, 6, '2025-08-07 10:13:47', 'Jill');
INSERT INTO server_members (id, user_id, server_id, joined_at, nickname) VALUES (144, 7, 7, '2025-03-16 14:33:20', NULL);
INSERT INTO server_members (id, user_id, server_id, joined_at, nickname) VALUES (145, 50, 7, '2025-10-25 13:48:58', 'Martin');
INSERT INTO server_members (id, user_id, server_id, joined_at, nickname) VALUES (146, 28, 7, '2025-09-25 21:32:08', NULL);
INSERT INTO server_members (id, user_id, server_id, joined_at, nickname) VALUES (147, 15, 7, '2025-05-28 09:59:52', 'Sarah');
INSERT INTO server_members (id, user_id, server_id, joined_at, nickname) VALUES (148, 12, 7, '2025-10-31 13:37:23', NULL);
INSERT INTO server_members (id, user_id, server_id, joined_at, nickname) VALUES (149, 52, 7, '2025-10-27 19:42:36', 'Leah');
INSERT INTO server_members (id, user_id, server_id, joined_at, nickname) VALUES (150, 45, 7, '2025-10-13 22:50:20', 'Michelle');
INSERT INTO server_members (id, user_id, server_id, joined_at, nickname) VALUES (151, 34, 7, '2025-02-22 00:57:53', NULL);
INSERT INTO server_members (id, user_id, server_id, joined_at, nickname) VALUES (152, 30, 7, '2025-10-05 13:12:50', NULL);
INSERT INTO server_members (id, user_id, server_id, joined_at, nickname) VALUES (153, 4, 7, '2025-09-06 19:01:31', NULL);
INSERT INTO server_members (id, user_id, server_id, joined_at, nickname) VALUES (154, 36, 7, '2025-05-20 13:53:45', NULL);
INSERT INTO server_members (id, user_id, server_id, joined_at, nickname) VALUES (155, 16, 7, '2025-02-28 00:33:29', 'Lisa');
INSERT INTO server_members (id, user_id, server_id, joined_at, nickname) VALUES (156, 8, 7, '2025-08-17 11:50:40', 'Joseph');
INSERT INTO server_members (id, user_id, server_id, joined_at, nickname) VALUES (157, 55, 7, '2025-02-26 21:41:34', 'Kristin');
INSERT INTO server_members (id, user_id, server_id, joined_at, nickname) VALUES (158, 9, 7, '2025-10-26 04:44:16', NULL);
INSERT INTO server_members (id, user_id, server_id, joined_at, nickname) VALUES (159, 47, 7, '2025-01-06 02:51:51', 'Daniel');
INSERT INTO server_members (id, user_id, server_id, joined_at, nickname) VALUES (160, 43, 7, '2025-04-11 03:16:19', NULL);
INSERT INTO server_members (id, user_id, server_id, joined_at, nickname) VALUES (161, 53, 7, '2025-08-14 17:25:41', 'Monica');
INSERT INTO server_members (id, user_id, server_id, joined_at, nickname) VALUES (162, 59, 7, '2025-04-23 11:58:24', 'Michele');
INSERT INTO server_members (id, user_id, server_id, joined_at, nickname) VALUES (163, 39, 7, '2025-06-12 02:37:36', 'Jeffrey');
INSERT INTO server_members (id, user_id, server_id, joined_at, nickname) VALUES (164, 4, 8, '2025-04-10 02:31:57', 'Lisa');
INSERT INTO server_members (id, user_id, server_id, joined_at, nickname) VALUES (165, 14, 8, '2025-03-29 23:45:14', 'Steven');
INSERT INTO server_members (id, user_id, server_id, joined_at, nickname) VALUES (166, 54, 8, '2025-04-13 20:03:48', NULL);
INSERT INTO server_members (id, user_id, server_id, joined_at, nickname) VALUES (167, 27, 8, '2025-10-03 22:40:48', 'Kevin');
INSERT INTO server_members (id, user_id, server_id, joined_at, nickname) VALUES (168, 25, 8, '2025-08-30 16:28:31', NULL);
INSERT INTO server_members (id, user_id, server_id, joined_at, nickname) VALUES (169, 50, 8, '2025-09-20 00:26:10', NULL);
INSERT INTO server_members (id, user_id, server_id, joined_at, nickname) VALUES (170, 38, 8, '2025-02-07 00:41:38', 'Laura');
INSERT INTO server_members (id, user_id, server_id, joined_at, nickname) VALUES (171, 45, 8, '2025-02-27 09:03:57', 'Jeremy');
INSERT INTO server_members (id, user_id, server_id, joined_at, nickname) VALUES (172, 2, 8, '2024-11-24 15:39:19', 'Andrew');
INSERT INTO server_members (id, user_id, server_id, joined_at, nickname) VALUES (173, 49, 8, '2025-07-31 03:28:42', NULL);
INSERT INTO server_members (id, user_id, server_id, joined_at, nickname) VALUES (174, 37, 8, '2025-04-19 09:37:44', NULL);
INSERT INTO server_members (id, user_id, server_id, joined_at, nickname) VALUES (175, 40, 9, '2025-10-03 15:03:29', 'James');
INSERT INTO server_members (id, user_id, server_id, joined_at, nickname) VALUES (176, 35, 9, '2024-11-20 21:47:23', NULL);
INSERT INTO server_members (id, user_id, server_id, joined_at, nickname) VALUES (177, 2, 9, '2024-12-03 14:35:50', NULL);
INSERT INTO server_members (id, user_id, server_id, joined_at, nickname) VALUES (178, 26, 9, '2025-03-29 06:59:28', 'Mark');
INSERT INTO server_members (id, user_id, server_id, joined_at, nickname) VALUES (179, 38, 9, '2024-12-10 00:41:38', NULL);
INSERT INTO server_members (id, user_id, server_id, joined_at, nickname) VALUES (180, 37, 9, '2025-07-24 11:55:05', 'Michelle');
INSERT INTO server_members (id, user_id, server_id, joined_at, nickname) VALUES (181, 43, 9, '2024-11-25 10:20:41', NULL);
INSERT INTO server_members (id, user_id, server_id, joined_at, nickname) VALUES (182, 58, 9, '2025-01-29 19:18:02', NULL);
INSERT INTO server_members (id, user_id, server_id, joined_at, nickname) VALUES (183, 6, 9, '2025-07-12 16:23:33', 'Tammy');
INSERT INTO server_members (id, user_id, server_id, joined_at, nickname) VALUES (184, 42, 9, '2025-01-01 09:35:21', 'Joshua');
INSERT INTO server_members (id, user_id, server_id, joined_at, nickname) VALUES (185, 28, 9, '2024-12-27 19:18:40', NULL);
INSERT INTO server_members (id, user_id, server_id, joined_at, nickname) VALUES (186, 9, 9, '2025-02-06 00:42:04', 'Darlene');
INSERT INTO server_members (id, user_id, server_id, joined_at, nickname) VALUES (187, 30, 9, '2025-02-20 21:29:19', NULL);
INSERT INTO server_members (id, user_id, server_id, joined_at, nickname) VALUES (188, 12, 9, '2025-01-17 13:01:57', NULL);
INSERT INTO server_members (id, user_id, server_id, joined_at, nickname) VALUES (189, 4, 9, '2025-08-30 20:17:48', NULL);
INSERT INTO server_members (id, user_id, server_id, joined_at, nickname) VALUES (190, 17, 9, '2025-09-11 10:40:12', NULL);
INSERT INTO server_members (id, user_id, server_id, joined_at, nickname) VALUES (191, 25, 9, '2025-03-14 04:13:02', 'Ricardo');
INSERT INTO server_members (id, user_id, server_id, joined_at, nickname) VALUES (192, 21, 9, '2024-11-23 08:27:52', NULL);
INSERT INTO server_members (id, user_id, server_id, joined_at, nickname) VALUES (193, 14, 9, '2025-06-24 23:56:20', NULL);
INSERT INTO server_members (id, user_id, server_id, joined_at, nickname) VALUES (194, 48, 9, '2025-04-08 03:14:19', 'Tina');
INSERT INTO server_members (id, user_id, server_id, joined_at, nickname) VALUES (195, 54, 9, '2025-08-18 01:32:40', 'Amanda');
INSERT INTO server_members (id, user_id, server_id, joined_at, nickname) VALUES (196, 22, 9, '2025-07-01 07:52:35', NULL);
INSERT INTO server_members (id, user_id, server_id, joined_at, nickname) VALUES (197, 44, 9, '2025-07-14 23:26:50', 'Sheila');
INSERT INTO server_members (id, user_id, server_id, joined_at, nickname) VALUES (198, 18, 9, '2025-08-11 03:26:03', NULL);
INSERT INTO server_members (id, user_id, server_id, joined_at, nickname) VALUES (199, 27, 9, '2025-10-09 14:25:54', NULL);
INSERT INTO server_members (id, user_id, server_id, joined_at, nickname) VALUES (200, 45, 9, '2025-09-22 05:11:21', 'Darrell');
INSERT INTO server_members (id, user_id, server_id, joined_at, nickname) VALUES (201, 37, 10, '2025-07-22 20:39:54', 'Tara');
INSERT INTO server_members (id, user_id, server_id, joined_at, nickname) VALUES (202, 51, 10, '2025-10-09 07:44:35', 'Gregory');
INSERT INTO server_members (id, user_id, server_id, joined_at, nickname) VALUES (203, 3, 10, '2025-05-22 18:08:07', 'Sydney');
INSERT INTO server_members (id, user_id, server_id, joined_at, nickname) VALUES (204, 23, 10, '2025-04-03 00:57:41', NULL);
INSERT INTO server_members (id, user_id, server_id, joined_at, nickname) VALUES (205, 35, 10, '2025-10-01 05:14:11', 'Joseph');
INSERT INTO server_members (id, user_id, server_id, joined_at, nickname) VALUES (206, 28, 10, '2025-01-11 19:06:19', 'Daniel');
INSERT INTO server_members (id, user_id, server_id, joined_at, nickname) VALUES (207, 43, 10, '2025-08-25 08:35:32', NULL);
INSERT INTO server_members (id, user_id, server_id, joined_at, nickname) VALUES (208, 24, 10, '2025-07-23 23:49:37', 'Ryan');
INSERT INTO server_members (id, user_id, server_id, joined_at, nickname) VALUES (209, 5, 10, '2025-09-23 06:05:13', NULL);
INSERT INTO server_members (id, user_id, server_id, joined_at, nickname) VALUES (210, 33, 10, '2025-09-10 05:18:21', 'Jessica');
INSERT INTO server_members (id, user_id, server_id, joined_at, nickname) VALUES (211, 18, 11, '2025-07-08 09:49:41', NULL);
INSERT INTO server_members (id, user_id, server_id, joined_at, nickname) VALUES (212, 21, 11, '2025-03-24 00:34:05', 'Lee');
INSERT INTO server_members (id, user_id, server_id, joined_at, nickname) VALUES (213, 55, 11, '2025-10-09 20:34:47', 'Catherine');
INSERT INTO server_members (id, user_id, server_id, joined_at, nickname) VALUES (214, 16, 11, '2025-05-21 17:25:09', 'William');
INSERT INTO server_members (id, user_id, server_id, joined_at, nickname) VALUES (215, 54, 11, '2025-09-19 05:27:39', 'Paul');
INSERT INTO server_members (id, user_id, server_id, joined_at, nickname) VALUES (216, 6, 11, '2025-03-01 23:43:49', NULL);
INSERT INTO server_members (id, user_id, server_id, joined_at, nickname) VALUES (217, 60, 11, '2025-08-12 16:37:50', NULL);
INSERT INTO server_members (id, user_id, server_id, joined_at, nickname) VALUES (218, 29, 11, '2025-06-17 05:28:20', 'Barbara');
INSERT INTO server_members (id, user_id, server_id, joined_at, nickname) VALUES (219, 57, 11, '2025-01-26 13:53:57', 'Jonathan');
INSERT INTO server_members (id, user_id, server_id, joined_at, nickname) VALUES (220, 49, 11, '2025-08-20 00:42:24', 'Jeanne');
INSERT INTO server_members (id, user_id, server_id, joined_at, nickname) VALUES (221, 30, 11, '2025-06-16 23:44:30', NULL);
INSERT INTO server_members (id, user_id, server_id, joined_at, nickname) VALUES (222, 37, 11, '2025-08-08 14:04:12', 'Aaron');
INSERT INTO server_members (id, user_id, server_id, joined_at, nickname) VALUES (223, 46, 12, '2025-08-13 08:12:26', 'Sara');
INSERT INTO server_members (id, user_id, server_id, joined_at, nickname) VALUES (224, 32, 12, '2025-03-12 11:03:28', 'Amanda');
INSERT INTO server_members (id, user_id, server_id, joined_at, nickname) VALUES (225, 29, 12, '2024-12-30 05:43:07', NULL);
INSERT INTO server_members (id, user_id, server_id, joined_at, nickname) VALUES (226, 51, 12, '2025-03-15 22:14:40', 'Jennifer');
INSERT INTO server_members (id, user_id, server_id, joined_at, nickname) VALUES (227, 2, 12, '2025-06-09 11:44:18', NULL);
INSERT INTO server_members (id, user_id, server_id, joined_at, nickname) VALUES (228, 6, 12, '2025-08-08 09:54:54', 'Judy');
INSERT INTO server_members (id, user_id, server_id, joined_at, nickname) VALUES (229, 19, 12, '2025-02-05 09:58:31', NULL);
INSERT INTO server_members (id, user_id, server_id, joined_at, nickname) VALUES (230, 15, 12, '2025-02-28 18:17:15', NULL);
INSERT INTO server_members (id, user_id, server_id, joined_at, nickname) VALUES (231, 26, 12, '2025-09-04 14:46:32', NULL);
INSERT INTO server_members (id, user_id, server_id, joined_at, nickname) VALUES (232, 45, 12, '2025-03-03 06:51:48', NULL);
INSERT INTO server_members (id, user_id, server_id, joined_at, nickname) VALUES (233, 16, 12, '2025-10-02 17:46:59', 'Emily');
INSERT INTO server_members (id, user_id, server_id, joined_at, nickname) VALUES (234, 20, 12, '2025-02-09 17:25:16', 'Michael');
INSERT INTO server_members (id, user_id, server_id, joined_at, nickname) VALUES (235, 43, 12, '2025-03-10 18:27:45', 'Chad');
INSERT INTO server_members (id, user_id, server_id, joined_at, nickname) VALUES (236, 38, 12, '2025-06-08 19:37:27', 'Elizabeth');
INSERT INTO server_members (id, user_id, server_id, joined_at, nickname) VALUES (237, 24, 12, '2024-12-01 01:21:41', NULL);
INSERT INTO server_members (id, user_id, server_id, joined_at, nickname) VALUES (238, 31, 12, '2025-06-16 06:48:13', 'Mark');
INSERT INTO server_members (id, user_id, server_id, joined_at, nickname) VALUES (239, 36, 12, '2025-01-01 10:08:04', NULL);
INSERT INTO server_members (id, user_id, server_id, joined_at, nickname) VALUES (240, 34, 12, '2025-09-01 17:39:21', 'Lee');
INSERT INTO server_members (id, user_id, server_id, joined_at, nickname) VALUES (241, 23, 12, '2025-10-18 07:27:43', 'Melanie');
INSERT INTO server_members (id, user_id, server_id, joined_at, nickname) VALUES (242, 28, 12, '2025-03-03 19:21:32', 'Jennifer');
INSERT INTO server_members (id, user_id, server_id, joined_at, nickname) VALUES (243, 44, 12, '2025-05-03 10:35:28', 'Kevin');
INSERT INTO server_members (id, user_id, server_id, joined_at, nickname) VALUES (244, 22, 12, '2024-12-03 07:59:24', 'Kyle');
INSERT INTO server_members (id, user_id, server_id, joined_at, nickname) VALUES (245, 42, 12, '2025-10-14 00:57:52', 'Ricky');

-- roles
INSERT INTO roles (id, server_id, name, color, permissions, position) VALUES (1, 1, 'Interesting', '#2174b1', '', 1);
INSERT INTO roles (id, server_id, name, color, permissions, position) VALUES (2, 1, 'Same', '#cd2986', '', 2);
INSERT INTO roles (id, server_id, name, color, permissions, position) VALUES (3, 1, 'Find', '#fbc634', '', 3);
INSERT INTO roles (id, server_id, name, color, permissions, position) VALUES (4, 1, 'Once', '#25ee19', '', 4);
INSERT INTO roles (id, server_id, name, color, permissions, position) VALUES (5, 1, 'Care', '#1b72a6', '', 5);
INSERT INTO roles (id, server_id, name, color, permissions, position) VALUES (6, 1, 'Dark', '#4daf29', '', 6);
INSERT INTO roles (id, server_id, name, color, permissions, position) VALUES (7, 2, 'Kitchen', '#4c63a0', '', 1);
INSERT INTO roles (id, server_id, name, color, permissions, position) VALUES (8, 2, 'Red', '#9b9054', '', 2);
INSERT INTO roles (id, server_id, name, color, permissions, position) VALUES (9, 2, 'Yard', '#2b9cd4', '', 3);
INSERT INTO roles (id, server_id, name, color, permissions, position) VALUES (10, 2, 'Hundred', '#7f12e2', '', 4);
INSERT INTO roles (id, server_id, name, color, permissions, position) VALUES (11, 2, 'Research', '#3ca5ae', '', 5);
INSERT INTO roles (id, server_id, name, color, permissions, position) VALUES (12, 2, 'Smile', '#d514c2', '', 6);
INSERT INTO roles (id, server_id, name, color, permissions, position) VALUES (13, 3, 'Weight', '#738d43', '', 1);
INSERT INTO roles (id, server_id, name, color, permissions, position) VALUES (14, 3, 'Contain', '#c2c0e8', '', 2);
INSERT INTO roles (id, server_id, name, color, permissions, position) VALUES (15, 3, 'Power', '#e6a9d4', '', 3);
INSERT INTO roles (id, server_id, name, color, permissions, position) VALUES (16, 3, 'Outside', '#e2ac53', '', 4);
INSERT INTO roles (id, server_id, name, color, permissions, position) VALUES (17, 3, 'Fish', '#983eab', '', 5);
INSERT INTO roles (id, server_id, name, color, permissions, position) VALUES (18, 3, 'Into', '#db8f95', '', 6);
INSERT INTO roles (id, server_id, name, color, permissions, position) VALUES (19, 4, 'Official', '#9c5acc', '', 1);
INSERT INTO roles (id, server_id, name, color, permissions, position) VALUES (20, 4, 'These', '#1ed681', '', 2);
INSERT INTO roles (id, server_id, name, color, permissions, position) VALUES (21, 4, 'A', '#32cebe', '', 3);
INSERT INTO roles (id, server_id, name, color, permissions, position) VALUES (22, 4, 'Fly', '#6a632d', '', 4);
INSERT INTO roles (id, server_id, name, color, permissions, position) VALUES (23, 4, 'Few', '#6c0b7e', '', 5);
INSERT INTO roles (id, server_id, name, color, permissions, position) VALUES (24, 4, 'Develop', '#877fb2', '', 6);
INSERT INTO roles (id, server_id, name, color, permissions, position) VALUES (25, 5, 'Law', '#299167', '', 1);
INSERT INTO roles (id, server_id, name, color, permissions, position) VALUES (26, 5, 'Stock', '#5069c9', '', 2);
INSERT INTO roles (id, server_id, name, color, permissions, position) VALUES (27, 5, 'Particularly', '#7acf9b', '', 3);
INSERT INTO roles (id, server_id, name, color, permissions, position) VALUES (28, 5, 'Policy', '#58fe16', '', 4);
INSERT INTO roles (id, server_id, name, color, permissions, position) VALUES (29, 5, 'Real', '#266ee7', '', 5);
INSERT INTO roles (id, server_id, name, color, permissions, position) VALUES (30, 5, 'Fund', '#50250b', '', 6);
INSERT INTO roles (id, server_id, name, color, permissions, position) VALUES (31, 6, 'Make', '#015eb6', '', 1);
INSERT INTO roles (id, server_id, name, color, permissions, position) VALUES (32, 6, 'Letter', '#d12937', '', 2);
INSERT INTO roles (id, server_id, name, color, permissions, position) VALUES (33, 6, 'Letter', '#e6a86b', '', 3);
INSERT INTO roles (id, server_id, name, color, permissions, position) VALUES (34, 6, 'Republican', '#f0985e', '', 4);
INSERT INTO roles (id, server_id, name, color, permissions, position) VALUES (35, 6, 'Different', '#951ff0', '', 5);
INSERT INTO roles (id, server_id, name, color, permissions, position) VALUES (36, 6, 'Much', '#10b62b', '', 6);
INSERT INTO roles (id, server_id, name, color, permissions, position) VALUES (37, 7, 'Material', '#76840d', '', 1);
INSERT INTO roles (id, server_id, name, color, permissions, position) VALUES (38, 7, 'Student', '#93827b', '', 2);
INSERT INTO roles (id, server_id, name, color, permissions, position) VALUES (39, 7, 'Wear', '#90c076', '', 3);
INSERT INTO roles (id, server_id, name, color, permissions, position) VALUES (40, 7, 'Style', '#e876cb', '', 4);
INSERT INTO roles (id, server_id, name, color, permissions, position) VALUES (41, 7, 'Simply', '#2471ac', '', 5);
INSERT INTO roles (id, server_id, name, color, permissions, position) VALUES (42, 7, 'Condition', '#778353', '', 6);
INSERT INTO roles (id, server_id, name, color, permissions, position) VALUES (43, 8, 'Reason', '#8773b4', '', 1);
INSERT INTO roles (id, server_id, name, color, permissions, position) VALUES (44, 8, 'Become', '#65488f', '', 2);
INSERT INTO roles (id, server_id, name, color, permissions, position) VALUES (45, 8, 'Federal', '#d9abd0', '', 3);
INSERT INTO roles (id, server_id, name, color, permissions, position) VALUES (46, 8, 'Myself', '#3ac3f5', '', 4);
INSERT INTO roles (id, server_id, name, color, permissions, position) VALUES (47, 8, 'Record', '#731a39', '', 5);
INSERT INTO roles (id, server_id, name, color, permissions, position) VALUES (48, 8, 'Property', '#4c4856', '', 6);
INSERT INTO roles (id, server_id, name, color, permissions, position) VALUES (49, 9, 'President', '#8800fa', '', 1);
INSERT INTO roles (id, server_id, name, color, permissions, position) VALUES (50, 9, 'Government', '#48d331', '', 2);
INSERT INTO roles (id, server_id, name, color, permissions, position) VALUES (51, 9, 'Better', '#248fd4', '', 3);
INSERT INTO roles (id, server_id, name, color, permissions, position) VALUES (52, 9, 'Tell', '#1e88e0', '', 4);
INSERT INTO roles (id, server_id, name, color, permissions, position) VALUES (53, 9, 'Society', '#54f3d4', '', 5);
INSERT INTO roles (id, server_id, name, color, permissions, position) VALUES (54, 9, 'Easy', '#9d7f4b', '', 6);
INSERT INTO roles (id, server_id, name, color, permissions, position) VALUES (55, 10, 'Remember', '#93c4c4', '', 1);
INSERT INTO roles (id, server_id, name, color, permissions, position) VALUES (56, 10, 'Force', '#e0d8b8', '', 2);
INSERT INTO roles (id, server_id, name, color, permissions, position) VALUES (57, 10, 'Down', '#3fab48', '', 3);
INSERT INTO roles (id, server_id, name, color, permissions, position) VALUES (58, 10, 'Sure', '#eff92e', '', 4);
INSERT INTO roles (id, server_id, name, color, permissions, position) VALUES (59, 10, 'Decide', '#9bb1d7', '', 5);
INSERT INTO roles (id, server_id, name, color, permissions, position) VALUES (60, 10, 'Choice', '#ce1598', '', 6);
INSERT INTO roles (id, server_id, name, color, permissions, position) VALUES (61, 11, 'Ago', '#8b63da', '', 1);
INSERT INTO roles (id, server_id, name, color, permissions, position) VALUES (62, 11, 'Any', '#fcd2ba', '', 2);
INSERT INTO roles (id, server_id, name, color, permissions, position) VALUES (63, 11, 'Election', '#e021ee', '', 3);
INSERT INTO roles (id, server_id, name, color, permissions, position) VALUES (64, 11, 'May', '#292fac', '', 4);
INSERT INTO roles (id, server_id, name, color, permissions, position) VALUES (65, 11, 'Popular', '#1468a1', '', 5);
INSERT INTO roles (id, server_id, name, color, permissions, position) VALUES (66, 11, 'To', '#dd32dc', '', 6);
INSERT INTO roles (id, server_id, name, color, permissions, position) VALUES (67, 12, 'Special', '#a50755', '', 1);
INSERT INTO roles (id, server_id, name, color, permissions, position) VALUES (68, 12, 'Baby', '#803038', '', 2);
INSERT INTO roles (id, server_id, name, color, permissions, position) VALUES (69, 12, 'Lose', '#0d3e29', '', 3);
INSERT INTO roles (id, server_id, name, color, permissions, position) VALUES (70, 12, 'Join', '#2ec265', '', 4);
INSERT INTO roles (id, server_id, name, color, permissions, position) VALUES (71, 12, 'Various', '#753594', '', 5);
INSERT INTO roles (id, server_id, name, color, permissions, position) VALUES (72, 12, 'Professional', '#0a9f25', '', 6);

-- member_roles
INSERT INTO member_roles (id, member_id, role_id) VALUES (1, 1, 5);
INSERT INTO member_roles (id, member_id, role_id) VALUES (2, 1, 1);
INSERT INTO member_roles (id, member_id, role_id) VALUES (3, 2, 4);
INSERT INTO member_roles (id, member_id, role_id) VALUES (4, 3, 3);
INSERT INTO member_roles (id, member_id, role_id) VALUES (5, 3, 2);
INSERT INTO member_roles (id, member_id, role_id) VALUES (6, 3, 4);
INSERT INTO member_roles (id, member_id, role_id) VALUES (7, 4, 1);
INSERT INTO member_roles (id, member_id, role_id) VALUES (8, 4, 4);
INSERT INTO member_roles (id, member_id, role_id) VALUES (9, 4, 3);
INSERT INTO member_roles (id, member_id, role_id) VALUES (10, 5, 3);
INSERT INTO member_roles (id, member_id, role_id) VALUES (11, 5, 6);
INSERT INTO member_roles (id, member_id, role_id) VALUES (12, 5, 1);
INSERT INTO member_roles (id, member_id, role_id) VALUES (13, 6, 3);
INSERT INTO member_roles (id, member_id, role_id) VALUES (14, 7, 6);
INSERT INTO member_roles (id, member_id, role_id) VALUES (15, 7, 4);
INSERT INTO member_roles (id, member_id, role_id) VALUES (16, 7, 3);
INSERT INTO member_roles (id, member_id, role_id) VALUES (17, 8, 5);
INSERT INTO member_roles (id, member_id, role_id) VALUES (18, 8, 1);
INSERT INTO member_roles (id, member_id, role_id) VALUES (19, 8, 4);
INSERT INTO member_roles (id, member_id, role_id) VALUES (20, 10, 3);
INSERT INTO member_roles (id, member_id, role_id) VALUES (21, 10, 6);
INSERT INTO member_roles (id, member_id, role_id) VALUES (22, 12, 5);
INSERT INTO member_roles (id, member_id, role_id) VALUES (23, 12, 1);
INSERT INTO member_roles (id, member_id, role_id) VALUES (24, 12, 4);
INSERT INTO member_roles (id, member_id, role_id) VALUES (25, 13, 1);
INSERT INTO member_roles (id, member_id, role_id) VALUES (26, 13, 2);
INSERT INTO member_roles (id, member_id, role_id) VALUES (27, 13, 3);
INSERT INTO member_roles (id, member_id, role_id) VALUES (28, 14, 6);
INSERT INTO member_roles (id, member_id, role_id) VALUES (29, 14, 4);
INSERT INTO member_roles (id, member_id, role_id) VALUES (30, 14, 1);
INSERT INTO member_roles (id, member_id, role_id) VALUES (31, 15, 3);
INSERT INTO member_roles (id, member_id, role_id) VALUES (32, 16, 3);
INSERT INTO member_roles (id, member_id, role_id) VALUES (33, 17, 6);
INSERT INTO member_roles (id, member_id, role_id) VALUES (34, 17, 4);
INSERT INTO member_roles (id, member_id, role_id) VALUES (35, 17, 1);
INSERT INTO member_roles (id, member_id, role_id) VALUES (36, 19, 6);
INSERT INTO member_roles (id, member_id, role_id) VALUES (37, 20, 3);
INSERT INTO member_roles (id, member_id, role_id) VALUES (38, 22, 1);
INSERT INTO member_roles (id, member_id, role_id) VALUES (39, 22, 2);
INSERT INTO member_roles (id, member_id, role_id) VALUES (40, 22, 6);
INSERT INTO member_roles (id, member_id, role_id) VALUES (41, 23, 1);
INSERT INTO member_roles (id, member_id, role_id) VALUES (42, 23, 2);
INSERT INTO member_roles (id, member_id, role_id) VALUES (43, 23, 4);
INSERT INTO member_roles (id, member_id, role_id) VALUES (44, 24, 5);
INSERT INTO member_roles (id, member_id, role_id) VALUES (45, 24, 3);
INSERT INTO member_roles (id, member_id, role_id) VALUES (46, 25, 4);
INSERT INTO member_roles (id, member_id, role_id) VALUES (47, 25, 6);
INSERT INTO member_roles (id, member_id, role_id) VALUES (48, 25, 2);
INSERT INTO member_roles (id, member_id, role_id) VALUES (49, 26, 5);
INSERT INTO member_roles (id, member_id, role_id) VALUES (50, 26, 2);
INSERT INTO member_roles (id, member_id, role_id) VALUES (51, 26, 4);
INSERT INTO member_roles (id, member_id, role_id) VALUES (52, 27, 5);
INSERT INTO member_roles (id, member_id, role_id) VALUES (53, 28, 1);
INSERT INTO member_roles (id, member_id, role_id) VALUES (54, 29, 4);
INSERT INTO member_roles (id, member_id, role_id) VALUES (55, 29, 3);
INSERT INTO member_roles (id, member_id, role_id) VALUES (56, 30, 7);
INSERT INTO member_roles (id, member_id, role_id) VALUES (57, 30, 9);
INSERT INTO member_roles (id, member_id, role_id) VALUES (58, 31, 11);
INSERT INTO member_roles (id, member_id, role_id) VALUES (59, 31, 12);
INSERT INTO member_roles (id, member_id, role_id) VALUES (60, 32, 8);
INSERT INTO member_roles (id, member_id, role_id) VALUES (61, 32, 10);
INSERT INTO member_roles (id, member_id, role_id) VALUES (62, 32, 11);
INSERT INTO member_roles (id, member_id, role_id) VALUES (63, 33, 9);
INSERT INTO member_roles (id, member_id, role_id) VALUES (64, 33, 11);
INSERT INTO member_roles (id, member_id, role_id) VALUES (65, 34, 10);
INSERT INTO member_roles (id, member_id, role_id) VALUES (66, 34, 9);
INSERT INTO member_roles (id, member_id, role_id) VALUES (67, 34, 8);
INSERT INTO member_roles (id, member_id, role_id) VALUES (68, 35, 11);
INSERT INTO member_roles (id, member_id, role_id) VALUES (69, 36, 8);
INSERT INTO member_roles (id, member_id, role_id) VALUES (70, 36, 10);
INSERT INTO member_roles (id, member_id, role_id) VALUES (71, 36, 7);
INSERT INTO member_roles (id, member_id, role_id) VALUES (72, 37, 12);
INSERT INTO member_roles (id, member_id, role_id) VALUES (73, 37, 10);
INSERT INTO member_roles (id, member_id, role_id) VALUES (74, 38, 10);
INSERT INTO member_roles (id, member_id, role_id) VALUES (75, 38, 8);
INSERT INTO member_roles (id, member_id, role_id) VALUES (76, 38, 12);
INSERT INTO member_roles (id, member_id, role_id) VALUES (77, 40, 11);
INSERT INTO member_roles (id, member_id, role_id) VALUES (78, 41, 7);
INSERT INTO member_roles (id, member_id, role_id) VALUES (79, 41, 10);
INSERT INTO member_roles (id, member_id, role_id) VALUES (80, 43, 7);
INSERT INTO member_roles (id, member_id, role_id) VALUES (81, 43, 8);
INSERT INTO member_roles (id, member_id, role_id) VALUES (82, 43, 10);
INSERT INTO member_roles (id, member_id, role_id) VALUES (83, 44, 7);
INSERT INTO member_roles (id, member_id, role_id) VALUES (84, 45, 9);
INSERT INTO member_roles (id, member_id, role_id) VALUES (85, 45, 12);
INSERT INTO member_roles (id, member_id, role_id) VALUES (86, 45, 10);
INSERT INTO member_roles (id, member_id, role_id) VALUES (87, 47, 12);
INSERT INTO member_roles (id, member_id, role_id) VALUES (88, 47, 11);
INSERT INTO member_roles (id, member_id, role_id) VALUES (89, 48, 15);
INSERT INTO member_roles (id, member_id, role_id) VALUES (90, 48, 16);
INSERT INTO member_roles (id, member_id, role_id) VALUES (91, 48, 13);
INSERT INTO member_roles (id, member_id, role_id) VALUES (92, 50, 18);
INSERT INTO member_roles (id, member_id, role_id) VALUES (93, 51, 14);
INSERT INTO member_roles (id, member_id, role_id) VALUES (94, 51, 13);
INSERT INTO member_roles (id, member_id, role_id) VALUES (95, 52, 13);
INSERT INTO member_roles (id, member_id, role_id) VALUES (96, 52, 18);
INSERT INTO member_roles (id, member_id, role_id) VALUES (97, 52, 16);
INSERT INTO member_roles (id, member_id, role_id) VALUES (98, 53, 18);
INSERT INTO member_roles (id, member_id, role_id) VALUES (99, 54, 13);
INSERT INTO member_roles (id, member_id, role_id) VALUES (100, 54, 18);
INSERT INTO member_roles (id, member_id, role_id) VALUES (101, 55, 13);
INSERT INTO member_roles (id, member_id, role_id) VALUES (102, 55, 15);
INSERT INTO member_roles (id, member_id, role_id) VALUES (103, 56, 15);
INSERT INTO member_roles (id, member_id, role_id) VALUES (104, 56, 16);
INSERT INTO member_roles (id, member_id, role_id) VALUES (105, 57, 14);
INSERT INTO member_roles (id, member_id, role_id) VALUES (106, 58, 17);
INSERT INTO member_roles (id, member_id, role_id) VALUES (107, 58, 14);
INSERT INTO member_roles (id, member_id, role_id) VALUES (108, 58, 18);
INSERT INTO member_roles (id, member_id, role_id) VALUES (109, 59, 13);
INSERT INTO member_roles (id, member_id, role_id) VALUES (110, 60, 17);
INSERT INTO member_roles (id, member_id, role_id) VALUES (111, 60, 14);
INSERT INTO member_roles (id, member_id, role_id) VALUES (112, 60, 16);
INSERT INTO member_roles (id, member_id, role_id) VALUES (113, 61, 14);
INSERT INTO member_roles (id, member_id, role_id) VALUES (114, 62, 18);
INSERT INTO member_roles (id, member_id, role_id) VALUES (115, 62, 15);
INSERT INTO member_roles (id, member_id, role_id) VALUES (116, 62, 16);
INSERT INTO member_roles (id, member_id, role_id) VALUES (117, 63, 18);
INSERT INTO member_roles (id, member_id, role_id) VALUES (118, 63, 13);
INSERT INTO member_roles (id, member_id, role_id) VALUES (119, 64, 15);
INSERT INTO member_roles (id, member_id, role_id) VALUES (120, 64, 17);
INSERT INTO member_roles (id, member_id, role_id) VALUES (121, 64, 14);
INSERT INTO member_roles (id, member_id, role_id) VALUES (122, 66, 15);
INSERT INTO member_roles (id, member_id, role_id) VALUES (123, 66, 17);
INSERT INTO member_roles (id, member_id, role_id) VALUES (124, 66, 18);
INSERT INTO member_roles (id, member_id, role_id) VALUES (125, 67, 18);
INSERT INTO member_roles (id, member_id, role_id) VALUES (126, 67, 15);
INSERT INTO member_roles (id, member_id, role_id) VALUES (127, 67, 16);
INSERT INTO member_roles (id, member_id, role_id) VALUES (128, 68, 14);
INSERT INTO member_roles (id, member_id, role_id) VALUES (129, 68, 16);
INSERT INTO member_roles (id, member_id, role_id) VALUES (130, 69, 13);
INSERT INTO member_roles (id, member_id, role_id) VALUES (131, 69, 14);
INSERT INTO member_roles (id, member_id, role_id) VALUES (132, 69, 16);
INSERT INTO member_roles (id, member_id, role_id) VALUES (133, 70, 23);
INSERT INTO member_roles (id, member_id, role_id) VALUES (134, 70, 21);
INSERT INTO member_roles (id, member_id, role_id) VALUES (135, 71, 19);
INSERT INTO member_roles (id, member_id, role_id) VALUES (136, 71, 22);
INSERT INTO member_roles (id, member_id, role_id) VALUES (137, 72, 19);
INSERT INTO member_roles (id, member_id, role_id) VALUES (138, 72, 23);
INSERT INTO member_roles (id, member_id, role_id) VALUES (139, 74, 21);
INSERT INTO member_roles (id, member_id, role_id) VALUES (140, 74, 20);
INSERT INTO member_roles (id, member_id, role_id) VALUES (141, 74, 24);
INSERT INTO member_roles (id, member_id, role_id) VALUES (142, 75, 24);
INSERT INTO member_roles (id, member_id, role_id) VALUES (143, 76, 23);
INSERT INTO member_roles (id, member_id, role_id) VALUES (144, 77, 24);
INSERT INTO member_roles (id, member_id, role_id) VALUES (145, 77, 20);
INSERT INTO member_roles (id, member_id, role_id) VALUES (146, 80, 22);
INSERT INTO member_roles (id, member_id, role_id) VALUES (147, 80, 19);
INSERT INTO member_roles (id, member_id, role_id) VALUES (148, 81, 24);
INSERT INTO member_roles (id, member_id, role_id) VALUES (149, 81, 20);
INSERT INTO member_roles (id, member_id, role_id) VALUES (150, 83, 21);
INSERT INTO member_roles (id, member_id, role_id) VALUES (151, 83, 22);
INSERT INTO member_roles (id, member_id, role_id) VALUES (152, 84, 20);
INSERT INTO member_roles (id, member_id, role_id) VALUES (153, 85, 23);
INSERT INTO member_roles (id, member_id, role_id) VALUES (154, 86, 23);
INSERT INTO member_roles (id, member_id, role_id) VALUES (155, 86, 24);
INSERT INTO member_roles (id, member_id, role_id) VALUES (156, 87, 20);
INSERT INTO member_roles (id, member_id, role_id) VALUES (157, 87, 21);
INSERT INTO member_roles (id, member_id, role_id) VALUES (158, 88, 27);
INSERT INTO member_roles (id, member_id, role_id) VALUES (159, 88, 30);
INSERT INTO member_roles (id, member_id, role_id) VALUES (160, 88, 25);
INSERT INTO member_roles (id, member_id, role_id) VALUES (161, 89, 25);
INSERT INTO member_roles (id, member_id, role_id) VALUES (162, 89, 26);
INSERT INTO member_roles (id, member_id, role_id) VALUES (163, 89, 29);
INSERT INTO member_roles (id, member_id, role_id) VALUES (164, 90, 29);
INSERT INTO member_roles (id, member_id, role_id) VALUES (165, 90, 27);
INSERT INTO member_roles (id, member_id, role_id) VALUES (166, 90, 25);
INSERT INTO member_roles (id, member_id, role_id) VALUES (167, 91, 25);
INSERT INTO member_roles (id, member_id, role_id) VALUES (168, 91, 27);
INSERT INTO member_roles (id, member_id, role_id) VALUES (169, 91, 30);
INSERT INTO member_roles (id, member_id, role_id) VALUES (170, 92, 27);
INSERT INTO member_roles (id, member_id, role_id) VALUES (171, 92, 30);
INSERT INTO member_roles (id, member_id, role_id) VALUES (172, 92, 28);
INSERT INTO member_roles (id, member_id, role_id) VALUES (173, 93, 25);
INSERT INTO member_roles (id, member_id, role_id) VALUES (174, 93, 26);
INSERT INTO member_roles (id, member_id, role_id) VALUES (175, 94, 25);
INSERT INTO member_roles (id, member_id, role_id) VALUES (176, 94, 29);
INSERT INTO member_roles (id, member_id, role_id) VALUES (177, 94, 27);
INSERT INTO member_roles (id, member_id, role_id) VALUES (178, 95, 30);
INSERT INTO member_roles (id, member_id, role_id) VALUES (179, 97, 30);
INSERT INTO member_roles (id, member_id, role_id) VALUES (180, 97, 27);
INSERT INTO member_roles (id, member_id, role_id) VALUES (181, 97, 28);
INSERT INTO member_roles (id, member_id, role_id) VALUES (182, 99, 25);
INSERT INTO member_roles (id, member_id, role_id) VALUES (183, 101, 28);
INSERT INTO member_roles (id, member_id, role_id) VALUES (184, 101, 25);
INSERT INTO member_roles (id, member_id, role_id) VALUES (185, 103, 29);
INSERT INTO member_roles (id, member_id, role_id) VALUES (186, 104, 28);
INSERT INTO member_roles (id, member_id, role_id) VALUES (187, 105, 27);
INSERT INTO member_roles (id, member_id, role_id) VALUES (188, 105, 29);
INSERT INTO member_roles (id, member_id, role_id) VALUES (189, 105, 28);
INSERT INTO member_roles (id, member_id, role_id) VALUES (190, 106, 28);
INSERT INTO member_roles (id, member_id, role_id) VALUES (191, 108, 29);
INSERT INTO member_roles (id, member_id, role_id) VALUES (192, 108, 28);
INSERT INTO member_roles (id, member_id, role_id) VALUES (193, 108, 27);
INSERT INTO member_roles (id, member_id, role_id) VALUES (194, 110, 26);
INSERT INTO member_roles (id, member_id, role_id) VALUES (195, 110, 28);
INSERT INTO member_roles (id, member_id, role_id) VALUES (196, 111, 26);
INSERT INTO member_roles (id, member_id, role_id) VALUES (197, 111, 27);
INSERT INTO member_roles (id, member_id, role_id) VALUES (198, 111, 25);
INSERT INTO member_roles (id, member_id, role_id) VALUES (199, 112, 29);
INSERT INTO member_roles (id, member_id, role_id) VALUES (200, 112, 27);
INSERT INTO member_roles (id, member_id, role_id) VALUES (201, 114, 27);
INSERT INTO member_roles (id, member_id, role_id) VALUES (202, 114, 26);
INSERT INTO member_roles (id, member_id, role_id) VALUES (203, 114, 25);
INSERT INTO member_roles (id, member_id, role_id) VALUES (204, 115, 25);
INSERT INTO member_roles (id, member_id, role_id) VALUES (205, 115, 26);
INSERT INTO member_roles (id, member_id, role_id) VALUES (206, 115, 30);
INSERT INTO member_roles (id, member_id, role_id) VALUES (207, 117, 32);
INSERT INTO member_roles (id, member_id, role_id) VALUES (208, 117, 36);
INSERT INTO member_roles (id, member_id, role_id) VALUES (209, 118, 31);
INSERT INTO member_roles (id, member_id, role_id) VALUES (210, 119, 35);
INSERT INTO member_roles (id, member_id, role_id) VALUES (211, 120, 32);
INSERT INTO member_roles (id, member_id, role_id) VALUES (212, 121, 32);
INSERT INTO member_roles (id, member_id, role_id) VALUES (213, 121, 35);
INSERT INTO member_roles (id, member_id, role_id) VALUES (214, 123, 32);
INSERT INTO member_roles (id, member_id, role_id) VALUES (215, 123, 36);
INSERT INTO member_roles (id, member_id, role_id) VALUES (216, 124, 32);
INSERT INTO member_roles (id, member_id, role_id) VALUES (217, 124, 31);
INSERT INTO member_roles (id, member_id, role_id) VALUES (218, 126, 31);
INSERT INTO member_roles (id, member_id, role_id) VALUES (219, 127, 32);
INSERT INTO member_roles (id, member_id, role_id) VALUES (220, 127, 35);
INSERT INTO member_roles (id, member_id, role_id) VALUES (221, 128, 31);
INSERT INTO member_roles (id, member_id, role_id) VALUES (222, 128, 32);
INSERT INTO member_roles (id, member_id, role_id) VALUES (223, 129, 31);
INSERT INTO member_roles (id, member_id, role_id) VALUES (224, 129, 32);
INSERT INTO member_roles (id, member_id, role_id) VALUES (225, 130, 35);
INSERT INTO member_roles (id, member_id, role_id) VALUES (226, 130, 31);
INSERT INTO member_roles (id, member_id, role_id) VALUES (227, 130, 36);
INSERT INTO member_roles (id, member_id, role_id) VALUES (228, 131, 34);
INSERT INTO member_roles (id, member_id, role_id) VALUES (229, 131, 33);
INSERT INTO member_roles (id, member_id, role_id) VALUES (230, 131, 31);
INSERT INTO member_roles (id, member_id, role_id) VALUES (231, 132, 35);
INSERT INTO member_roles (id, member_id, role_id) VALUES (232, 132, 32);
INSERT INTO member_roles (id, member_id, role_id) VALUES (233, 132, 31);
INSERT INTO member_roles (id, member_id, role_id) VALUES (234, 133, 34);
INSERT INTO member_roles (id, member_id, role_id) VALUES (235, 133, 31);
INSERT INTO member_roles (id, member_id, role_id) VALUES (236, 135, 34);
INSERT INTO member_roles (id, member_id, role_id) VALUES (237, 135, 36);
INSERT INTO member_roles (id, member_id, role_id) VALUES (238, 135, 31);
INSERT INTO member_roles (id, member_id, role_id) VALUES (239, 136, 36);
INSERT INTO member_roles (id, member_id, role_id) VALUES (240, 136, 34);
INSERT INTO member_roles (id, member_id, role_id) VALUES (241, 136, 31);
INSERT INTO member_roles (id, member_id, role_id) VALUES (242, 138, 35);
INSERT INTO member_roles (id, member_id, role_id) VALUES (243, 138, 32);
INSERT INTO member_roles (id, member_id, role_id) VALUES (244, 140, 33);
INSERT INTO member_roles (id, member_id, role_id) VALUES (245, 141, 34);
INSERT INTO member_roles (id, member_id, role_id) VALUES (246, 141, 35);
INSERT INTO member_roles (id, member_id, role_id) VALUES (247, 142, 34);
INSERT INTO member_roles (id, member_id, role_id) VALUES (248, 142, 35);
INSERT INTO member_roles (id, member_id, role_id) VALUES (249, 143, 31);
INSERT INTO member_roles (id, member_id, role_id) VALUES (250, 143, 36);
INSERT INTO member_roles (id, member_id, role_id) VALUES (251, 143, 32);
INSERT INTO member_roles (id, member_id, role_id) VALUES (252, 144, 40);
INSERT INTO member_roles (id, member_id, role_id) VALUES (253, 144, 38);
INSERT INTO member_roles (id, member_id, role_id) VALUES (254, 144, 42);
INSERT INTO member_roles (id, member_id, role_id) VALUES (255, 145, 40);
INSERT INTO member_roles (id, member_id, role_id) VALUES (256, 145, 42);
INSERT INTO member_roles (id, member_id, role_id) VALUES (257, 146, 42);
INSERT INTO member_roles (id, member_id, role_id) VALUES (258, 146, 37);
INSERT INTO member_roles (id, member_id, role_id) VALUES (259, 146, 39);
INSERT INTO member_roles (id, member_id, role_id) VALUES (260, 147, 39);
INSERT INTO member_roles (id, member_id, role_id) VALUES (261, 147, 42);
INSERT INTO member_roles (id, member_id, role_id) VALUES (262, 147, 41);
INSERT INTO member_roles (id, member_id, role_id) VALUES (263, 148, 42);
INSERT INTO member_roles (id, member_id, role_id) VALUES (264, 149, 37);
INSERT INTO member_roles (id, member_id, role_id) VALUES (265, 149, 42);
INSERT INTO member_roles (id, member_id, role_id) VALUES (266, 149, 41);
INSERT INTO member_roles (id, member_id, role_id) VALUES (267, 151, 37);
INSERT INTO member_roles (id, member_id, role_id) VALUES (268, 151, 39);
INSERT INTO member_roles (id, member_id, role_id) VALUES (269, 151, 38);
INSERT INTO member_roles (id, member_id, role_id) VALUES (270, 153, 42);
INSERT INTO member_roles (id, member_id, role_id) VALUES (271, 153, 37);
INSERT INTO member_roles (id, member_id, role_id) VALUES (272, 154, 39);
INSERT INTO member_roles (id, member_id, role_id) VALUES (273, 154, 40);
INSERT INTO member_roles (id, member_id, role_id) VALUES (274, 154, 37);
INSERT INTO member_roles (id, member_id, role_id) VALUES (275, 155, 41);
INSERT INTO member_roles (id, member_id, role_id) VALUES (276, 155, 39);
INSERT INTO member_roles (id, member_id, role_id) VALUES (277, 156, 37);
INSERT INTO member_roles (id, member_id, role_id) VALUES (278, 156, 41);
INSERT INTO member_roles (id, member_id, role_id) VALUES (279, 157, 38);
INSERT INTO member_roles (id, member_id, role_id) VALUES (280, 158, 38);
INSERT INTO member_roles (id, member_id, role_id) VALUES (281, 158, 37);
INSERT INTO member_roles (id, member_id, role_id) VALUES (282, 158, 39);
INSERT INTO member_roles (id, member_id, role_id) VALUES (283, 159, 37);
INSERT INTO member_roles (id, member_id, role_id) VALUES (284, 159, 39);
INSERT INTO member_roles (id, member_id, role_id) VALUES (285, 160, 40);
INSERT INTO member_roles (id, member_id, role_id) VALUES (286, 162, 37);
INSERT INTO member_roles (id, member_id, role_id) VALUES (287, 162, 38);
INSERT INTO member_roles (id, member_id, role_id) VALUES (288, 163, 42);
INSERT INTO member_roles (id, member_id, role_id) VALUES (289, 163, 39);
INSERT INTO member_roles (id, member_id, role_id) VALUES (290, 164, 45);
INSERT INTO member_roles (id, member_id, role_id) VALUES (291, 164, 43);
INSERT INTO member_roles (id, member_id, role_id) VALUES (292, 165, 44);
INSERT INTO member_roles (id, member_id, role_id) VALUES (293, 166, 43);
INSERT INTO member_roles (id, member_id, role_id) VALUES (294, 166, 44);
INSERT INTO member_roles (id, member_id, role_id) VALUES (295, 166, 48);
INSERT INTO member_roles (id, member_id, role_id) VALUES (296, 168, 46);
INSERT INTO member_roles (id, member_id, role_id) VALUES (297, 169, 46);
INSERT INTO member_roles (id, member_id, role_id) VALUES (298, 169, 45);
INSERT INTO member_roles (id, member_id, role_id) VALUES (299, 169, 44);
INSERT INTO member_roles (id, member_id, role_id) VALUES (300, 170, 45);
INSERT INTO member_roles (id, member_id, role_id) VALUES (301, 170, 48);
INSERT INTO member_roles (id, member_id, role_id) VALUES (302, 173, 44);
INSERT INTO member_roles (id, member_id, role_id) VALUES (303, 176, 52);
INSERT INTO member_roles (id, member_id, role_id) VALUES (304, 176, 54);
INSERT INTO member_roles (id, member_id, role_id) VALUES (305, 177, 53);
INSERT INTO member_roles (id, member_id, role_id) VALUES (306, 177, 52);
INSERT INTO member_roles (id, member_id, role_id) VALUES (307, 177, 54);
INSERT INTO member_roles (id, member_id, role_id) VALUES (308, 178, 50);
INSERT INTO member_roles (id, member_id, role_id) VALUES (309, 178, 53);
INSERT INTO member_roles (id, member_id, role_id) VALUES (310, 180, 52);
INSERT INTO member_roles (id, member_id, role_id) VALUES (311, 180, 49);
INSERT INTO member_roles (id, member_id, role_id) VALUES (312, 181, 54);
INSERT INTO member_roles (id, member_id, role_id) VALUES (313, 181, 53);
INSERT INTO member_roles (id, member_id, role_id) VALUES (314, 182, 53);
INSERT INTO member_roles (id, member_id, role_id) VALUES (315, 182, 51);
INSERT INTO member_roles (id, member_id, role_id) VALUES (316, 182, 49);
INSERT INTO member_roles (id, member_id, role_id) VALUES (317, 183, 52);
INSERT INTO member_roles (id, member_id, role_id) VALUES (318, 186, 51);
INSERT INTO member_roles (id, member_id, role_id) VALUES (319, 187, 50);
INSERT INTO member_roles (id, member_id, role_id) VALUES (320, 188, 51);
INSERT INTO member_roles (id, member_id, role_id) VALUES (321, 188, 54);
INSERT INTO member_roles (id, member_id, role_id) VALUES (322, 191, 54);
INSERT INTO member_roles (id, member_id, role_id) VALUES (323, 191, 52);
INSERT INTO member_roles (id, member_id, role_id) VALUES (324, 191, 50);
INSERT INTO member_roles (id, member_id, role_id) VALUES (325, 192, 52);
INSERT INTO member_roles (id, member_id, role_id) VALUES (326, 193, 53);
INSERT INTO member_roles (id, member_id, role_id) VALUES (327, 194, 49);
INSERT INTO member_roles (id, member_id, role_id) VALUES (328, 194, 52);
INSERT INTO member_roles (id, member_id, role_id) VALUES (329, 196, 49);
INSERT INTO member_roles (id, member_id, role_id) VALUES (330, 196, 52);
INSERT INTO member_roles (id, member_id, role_id) VALUES (331, 196, 54);
INSERT INTO member_roles (id, member_id, role_id) VALUES (332, 197, 53);
INSERT INTO member_roles (id, member_id, role_id) VALUES (333, 197, 52);
INSERT INTO member_roles (id, member_id, role_id) VALUES (334, 198, 54);
INSERT INTO member_roles (id, member_id, role_id) VALUES (335, 198, 52);
INSERT INTO member_roles (id, member_id, role_id) VALUES (336, 198, 51);
INSERT INTO member_roles (id, member_id, role_id) VALUES (337, 200, 49);
INSERT INTO member_roles (id, member_id, role_id) VALUES (338, 200, 51);
INSERT INTO member_roles (id, member_id, role_id) VALUES (339, 200, 50);
INSERT INTO member_roles (id, member_id, role_id) VALUES (340, 201, 60);
INSERT INTO member_roles (id, member_id, role_id) VALUES (341, 201, 57);
INSERT INTO member_roles (id, member_id, role_id) VALUES (342, 201, 55);
INSERT INTO member_roles (id, member_id, role_id) VALUES (343, 202, 55);
INSERT INTO member_roles (id, member_id, role_id) VALUES (344, 202, 56);
INSERT INTO member_roles (id, member_id, role_id) VALUES (345, 202, 58);
INSERT INTO member_roles (id, member_id, role_id) VALUES (346, 203, 59);
INSERT INTO member_roles (id, member_id, role_id) VALUES (347, 203, 55);
INSERT INTO member_roles (id, member_id, role_id) VALUES (348, 203, 58);
INSERT INTO member_roles (id, member_id, role_id) VALUES (349, 204, 60);
INSERT INTO member_roles (id, member_id, role_id) VALUES (350, 204, 57);
INSERT INTO member_roles (id, member_id, role_id) VALUES (351, 205, 57);
INSERT INTO member_roles (id, member_id, role_id) VALUES (352, 206, 55);
INSERT INTO member_roles (id, member_id, role_id) VALUES (353, 208, 57);
INSERT INTO member_roles (id, member_id, role_id) VALUES (354, 209, 60);
INSERT INTO member_roles (id, member_id, role_id) VALUES (355, 209, 56);
INSERT INTO member_roles (id, member_id, role_id) VALUES (356, 210, 55);
INSERT INTO member_roles (id, member_id, role_id) VALUES (357, 211, 63);
INSERT INTO member_roles (id, member_id, role_id) VALUES (358, 212, 62);
INSERT INTO member_roles (id, member_id, role_id) VALUES (359, 213, 66);
INSERT INTO member_roles (id, member_id, role_id) VALUES (360, 215, 66);
INSERT INTO member_roles (id, member_id, role_id) VALUES (361, 216, 64);
INSERT INTO member_roles (id, member_id, role_id) VALUES (362, 216, 65);
INSERT INTO member_roles (id, member_id, role_id) VALUES (363, 216, 66);
INSERT INTO member_roles (id, member_id, role_id) VALUES (364, 217, 66);
INSERT INTO member_roles (id, member_id, role_id) VALUES (365, 217, 63);
INSERT INTO member_roles (id, member_id, role_id) VALUES (366, 218, 64);
INSERT INTO member_roles (id, member_id, role_id) VALUES (367, 220, 64);
INSERT INTO member_roles (id, member_id, role_id) VALUES (368, 220, 63);
INSERT INTO member_roles (id, member_id, role_id) VALUES (369, 220, 65);
INSERT INTO member_roles (id, member_id, role_id) VALUES (370, 222, 65);
INSERT INTO member_roles (id, member_id, role_id) VALUES (371, 222, 61);
INSERT INTO member_roles (id, member_id, role_id) VALUES (372, 223, 70);
INSERT INTO member_roles (id, member_id, role_id) VALUES (373, 223, 72);
INSERT INTO member_roles (id, member_id, role_id) VALUES (374, 226, 69);
INSERT INTO member_roles (id, member_id, role_id) VALUES (375, 226, 67);
INSERT INTO member_roles (id, member_id, role_id) VALUES (376, 228, 70);
INSERT INTO member_roles (id, member_id, role_id) VALUES (377, 228, 71);
INSERT INTO member_roles (id, member_id, role_id) VALUES (378, 228, 67);
INSERT INTO member_roles (id, member_id, role_id) VALUES (379, 229, 71);
INSERT INTO member_roles (id, member_id, role_id) VALUES (380, 229, 68);
INSERT INTO member_roles (id, member_id, role_id) VALUES (381, 229, 69);
INSERT INTO member_roles (id, member_id, role_id) VALUES (382, 230, 71);
INSERT INTO member_roles (id, member_id, role_id) VALUES (383, 230, 68);
INSERT INTO member_roles (id, member_id, role_id) VALUES (384, 230, 67);
INSERT INTO member_roles (id, member_id, role_id) VALUES (385, 231, 67);
INSERT INTO member_roles (id, member_id, role_id) VALUES (386, 231, 69);
INSERT INTO member_roles (id, member_id, role_id) VALUES (387, 231, 72);
INSERT INTO member_roles (id, member_id, role_id) VALUES (388, 232, 67);
INSERT INTO member_roles (id, member_id, role_id) VALUES (389, 233, 72);
INSERT INTO member_roles (id, member_id, role_id) VALUES (390, 234, 70);
INSERT INTO member_roles (id, member_id, role_id) VALUES (391, 234, 71);
INSERT INTO member_roles (id, member_id, role_id) VALUES (392, 234, 68);
INSERT INTO member_roles (id, member_id, role_id) VALUES (393, 235, 69);
INSERT INTO member_roles (id, member_id, role_id) VALUES (394, 235, 72);
INSERT INTO member_roles (id, member_id, role_id) VALUES (395, 236, 70);
INSERT INTO member_roles (id, member_id, role_id) VALUES (396, 236, 69);
INSERT INTO member_roles (id, member_id, role_id) VALUES (397, 236, 67);
INSERT INTO member_roles (id, member_id, role_id) VALUES (398, 237, 67);
INSERT INTO member_roles (id, member_id, role_id) VALUES (399, 237, 69);
INSERT INTO member_roles (id, member_id, role_id) VALUES (400, 239, 69);
INSERT INTO member_roles (id, member_id, role_id) VALUES (401, 239, 72);
INSERT INTO member_roles (id, member_id, role_id) VALUES (402, 239, 68);
INSERT INTO member_roles (id, member_id, role_id) VALUES (403, 240, 67);
INSERT INTO member_roles (id, member_id, role_id) VALUES (404, 240, 71);
INSERT INTO member_roles (id, member_id, role_id) VALUES (405, 241, 69);
INSERT INTO member_roles (id, member_id, role_id) VALUES (406, 242, 72);
INSERT INTO member_roles (id, member_id, role_id) VALUES (407, 242, 70);
INSERT INTO member_roles (id, member_id, role_id) VALUES (408, 243, 71);
INSERT INTO member_roles (id, member_id, role_id) VALUES (409, 245, 71);
INSERT INTO member_roles (id, member_id, role_id) VALUES (410, 245, 70);

-- channels
INSERT INTO channels (id, server_id, name, type, position, created_at) VALUES (1, 1, 'parent', 'Announcement', 1, '2025-09-16 19:56:55');
INSERT INTO channels (id, server_id, name, type, position, created_at) VALUES (2, 1, 'day', 'Voice', 2, '2025-09-25 04:33:21');
INSERT INTO channels (id, server_id, name, type, position, created_at) VALUES (3, 1, 'serious', 'Text', 3, '2025-07-31 15:03:43');
INSERT INTO channels (id, server_id, name, type, position, created_at) VALUES (4, 1, 'same', 'Announcement', 4, '2025-10-01 07:34:55');
INSERT INTO channels (id, server_id, name, type, position, created_at) VALUES (5, 1, 'if', 'Announcement', 5, '2025-08-06 13:39:00');
INSERT INTO channels (id, server_id, name, type, position, created_at) VALUES (6, 1, 'miss', 'Announcement', 6, '2024-12-19 16:10:09');
INSERT INTO channels (id, server_id, name, type, position, created_at) VALUES (7, 1, 'instead', 'Announcement', 7, '2025-07-31 18:13:39');
INSERT INTO channels (id, server_id, name, type, position, created_at) VALUES (8, 1, 'either', 'Voice', 8, '2025-05-29 20:34:50');
INSERT INTO channels (id, server_id, name, type, position, created_at) VALUES (9, 2, 'choose', 'Voice', 1, '2024-11-20 11:02:43');
INSERT INTO channels (id, server_id, name, type, position, created_at) VALUES (10, 2, 'reality', 'Voice', 2, '2025-03-13 07:57:53');
INSERT INTO channels (id, server_id, name, type, position, created_at) VALUES (11, 2, 'rise', 'Text', 3, '2025-02-04 13:32:41');
INSERT INTO channels (id, server_id, name, type, position, created_at) VALUES (12, 2, 'accept', 'Voice', 4, '2025-09-06 22:13:04');
INSERT INTO channels (id, server_id, name, type, position, created_at) VALUES (13, 2, 'walk', 'Voice', 5, '2025-01-26 22:44:34');
INSERT INTO channels (id, server_id, name, type, position, created_at) VALUES (14, 2, 'social', 'Text', 6, '2025-01-05 19:19:35');
INSERT INTO channels (id, server_id, name, type, position, created_at) VALUES (15, 2, 'traditional', 'Text', 7, '2024-12-13 08:21:18');
INSERT INTO channels (id, server_id, name, type, position, created_at) VALUES (16, 2, 'speech', 'Voice', 8, '2025-10-07 07:46:02');
INSERT INTO channels (id, server_id, name, type, position, created_at) VALUES (17, 3, 'value', 'Text', 1, '2025-05-29 13:08:07');
INSERT INTO channels (id, server_id, name, type, position, created_at) VALUES (18, 3, 'both', 'Announcement', 2, '2025-10-03 17:00:19');
INSERT INTO channels (id, server_id, name, type, position, created_at) VALUES (19, 3, 'start', 'Announcement', 3, '2025-10-22 13:38:21');
INSERT INTO channels (id, server_id, name, type, position, created_at) VALUES (20, 3, 'large', 'Announcement', 4, '2024-11-28 00:57:23');
INSERT INTO channels (id, server_id, name, type, position, created_at) VALUES (21, 3, 'discuss', 'Announcement', 5, '2025-03-24 03:59:45');
INSERT INTO channels (id, server_id, name, type, position, created_at) VALUES (22, 3, 'control', 'Announcement', 6, '2025-01-03 06:35:24');
INSERT INTO channels (id, server_id, name, type, position, created_at) VALUES (23, 3, 'summer', 'Announcement', 7, '2025-04-08 16:24:29');
INSERT INTO channels (id, server_id, name, type, position, created_at) VALUES (24, 3, 'safe', 'Text', 8, '2025-01-15 09:22:41');
INSERT INTO channels (id, server_id, name, type, position, created_at) VALUES (25, 4, 'national', 'Text', 1, '2025-10-02 05:49:19');
INSERT INTO channels (id, server_id, name, type, position, created_at) VALUES (26, 4, 'majority', 'Announcement', 2, '2025-09-08 20:16:37');
INSERT INTO channels (id, server_id, name, type, position, created_at) VALUES (27, 4, 'apply', 'Announcement', 3, '2025-09-23 13:57:30');
INSERT INTO channels (id, server_id, name, type, position, created_at) VALUES (28, 4, 'onto', 'Text', 4, '2025-08-20 11:02:13');
INSERT INTO channels (id, server_id, name, type, position, created_at) VALUES (29, 4, 'enjoy', 'Voice', 5, '2024-11-30 08:22:02');
INSERT INTO channels (id, server_id, name, type, position, created_at) VALUES (30, 4, 'whose', 'Voice', 6, '2025-04-03 20:38:27');
INSERT INTO channels (id, server_id, name, type, position, created_at) VALUES (31, 4, 'thus', 'Announcement', 7, '2025-08-19 20:08:56');
INSERT INTO channels (id, server_id, name, type, position, created_at) VALUES (32, 4, 'campaign', 'Text', 8, '2025-05-04 21:21:23');
INSERT INTO channels (id, server_id, name, type, position, created_at) VALUES (33, 5, 'loss', 'Announcement', 1, '2025-03-04 00:50:42');
INSERT INTO channels (id, server_id, name, type, position, created_at) VALUES (34, 5, 'cell', 'Announcement', 2, '2025-09-13 18:40:23');
INSERT INTO channels (id, server_id, name, type, position, created_at) VALUES (35, 5, 'suddenly', 'Voice', 3, '2025-02-12 06:11:23');
INSERT INTO channels (id, server_id, name, type, position, created_at) VALUES (36, 5, 'majority', 'Announcement', 4, '2025-02-14 06:20:11');
INSERT INTO channels (id, server_id, name, type, position, created_at) VALUES (37, 5, 'region', 'Voice', 5, '2025-09-23 10:02:42');
INSERT INTO channels (id, server_id, name, type, position, created_at) VALUES (38, 5, 'nice', 'Voice', 6, '2025-10-30 10:46:33');
INSERT INTO channels (id, server_id, name, type, position, created_at) VALUES (39, 5, 'operation', 'Text', 7, '2025-04-05 05:39:02');
INSERT INTO channels (id, server_id, name, type, position, created_at) VALUES (40, 5, 'physical', 'Announcement', 8, '2025-06-22 21:49:06');
INSERT INTO channels (id, server_id, name, type, position, created_at) VALUES (41, 6, 'free', 'Voice', 1, '2025-05-11 16:17:37');
INSERT INTO channels (id, server_id, name, type, position, created_at) VALUES (42, 6, 'someone', 'Voice', 2, '2025-09-11 13:45:58');
INSERT INTO channels (id, server_id, name, type, position, created_at) VALUES (43, 6, 'vote', 'Voice', 3, '2025-05-27 16:33:16');
INSERT INTO channels (id, server_id, name, type, position, created_at) VALUES (44, 6, 'level', 'Announcement', 4, '2025-04-24 23:19:34');
INSERT INTO channels (id, server_id, name, type, position, created_at) VALUES (45, 6, 'position', 'Text', 5, '2025-09-26 15:06:09');
INSERT INTO channels (id, server_id, name, type, position, created_at) VALUES (46, 6, 'teacher', 'Text', 6, '2025-09-20 13:24:06');
INSERT INTO channels (id, server_id, name, type, position, created_at) VALUES (47, 6, 'serve', 'Announcement', 7, '2025-01-06 03:05:32');
INSERT INTO channels (id, server_id, name, type, position, created_at) VALUES (48, 6, 'wait', 'Voice', 8, '2024-12-03 15:28:31');
INSERT INTO channels (id, server_id, name, type, position, created_at) VALUES (49, 7, 'mother', 'Announcement', 1, '2025-05-19 00:33:14');
INSERT INTO channels (id, server_id, name, type, position, created_at) VALUES (50, 7, 'last', 'Voice', 2, '2025-06-16 17:49:07');
INSERT INTO channels (id, server_id, name, type, position, created_at) VALUES (51, 7, 'then', 'Text', 3, '2025-08-16 15:51:43');
INSERT INTO channels (id, server_id, name, type, position, created_at) VALUES (52, 7, 'what', 'Announcement', 4, '2025-10-09 22:34:01');
INSERT INTO channels (id, server_id, name, type, position, created_at) VALUES (53, 7, 'official', 'Text', 5, '2025-03-04 02:06:15');
INSERT INTO channels (id, server_id, name, type, position, created_at) VALUES (54, 7, 'like', 'Text', 6, '2025-09-05 17:53:19');
INSERT INTO channels (id, server_id, name, type, position, created_at) VALUES (55, 7, 'watch', 'Text', 7, '2025-02-27 07:43:25');
INSERT INTO channels (id, server_id, name, type, position, created_at) VALUES (56, 7, 'cold', 'Voice', 8, '2025-10-30 23:11:23');
INSERT INTO channels (id, server_id, name, type, position, created_at) VALUES (57, 8, 'six', 'Announcement', 1, '2025-01-09 14:30:48');
INSERT INTO channels (id, server_id, name, type, position, created_at) VALUES (58, 8, 'training', 'Voice', 2, '2024-12-18 23:57:24');
INSERT INTO channels (id, server_id, name, type, position, created_at) VALUES (59, 8, 'may', 'Text', 3, '2025-09-26 13:21:01');
INSERT INTO channels (id, server_id, name, type, position, created_at) VALUES (60, 8, 'listen', 'Voice', 4, '2025-10-22 22:28:17');
INSERT INTO channels (id, server_id, name, type, position, created_at) VALUES (61, 8, 'event', 'Voice', 5, '2025-11-09 17:45:05');
INSERT INTO channels (id, server_id, name, type, position, created_at) VALUES (62, 8, 'society', 'Text', 6, '2025-04-23 12:14:38');
INSERT INTO channels (id, server_id, name, type, position, created_at) VALUES (63, 8, 'end', 'Text', 7, '2025-04-16 08:20:35');
INSERT INTO channels (id, server_id, name, type, position, created_at) VALUES (64, 8, 'though', 'Announcement', 8, '2025-04-07 14:41:53');
INSERT INTO channels (id, server_id, name, type, position, created_at) VALUES (65, 9, 'public', 'Text', 1, '2025-04-12 08:27:12');
INSERT INTO channels (id, server_id, name, type, position, created_at) VALUES (66, 9, 'factor', 'Text', 2, '2025-04-07 23:33:49');
INSERT INTO channels (id, server_id, name, type, position, created_at) VALUES (67, 9, 'space', 'Text', 3, '2024-11-24 07:51:05');
INSERT INTO channels (id, server_id, name, type, position, created_at) VALUES (68, 9, 'star', 'Voice', 4, '2025-11-09 21:03:02');
INSERT INTO channels (id, server_id, name, type, position, created_at) VALUES (69, 9, 'near', 'Text', 5, '2025-10-05 06:48:51');
INSERT INTO channels (id, server_id, name, type, position, created_at) VALUES (70, 9, 'memory', 'Announcement', 6, '2025-07-23 19:11:49');
INSERT INTO channels (id, server_id, name, type, position, created_at) VALUES (71, 9, 'produce', 'Voice', 7, '2025-09-16 17:19:35');
INSERT INTO channels (id, server_id, name, type, position, created_at) VALUES (72, 9, 'edge', 'Text', 8, '2025-01-05 19:38:44');
INSERT INTO channels (id, server_id, name, type, position, created_at) VALUES (73, 10, 'face', 'Text', 1, '2025-03-04 19:02:03');
INSERT INTO channels (id, server_id, name, type, position, created_at) VALUES (74, 10, 'less', 'Voice', 2, '2025-08-10 16:59:08');
INSERT INTO channels (id, server_id, name, type, position, created_at) VALUES (75, 10, 'bank', 'Text', 3, '2025-09-04 02:02:11');
INSERT INTO channels (id, server_id, name, type, position, created_at) VALUES (76, 10, 'sell', 'Announcement', 4, '2025-05-14 13:32:51');
INSERT INTO channels (id, server_id, name, type, position, created_at) VALUES (77, 10, 'feeling', 'Voice', 5, '2025-07-10 08:35:09');
INSERT INTO channels (id, server_id, name, type, position, created_at) VALUES (78, 10, 'easy', 'Text', 6, '2025-10-31 04:19:41');
INSERT INTO channels (id, server_id, name, type, position, created_at) VALUES (79, 10, 'expert', 'Text', 7, '2024-11-20 18:15:12');
INSERT INTO channels (id, server_id, name, type, position, created_at) VALUES (80, 10, 'government', 'Voice', 8, '2025-02-05 03:10:20');
INSERT INTO channels (id, server_id, name, type, position, created_at) VALUES (81, 11, 'front', 'Text', 1, '2025-06-14 12:21:02');
INSERT INTO channels (id, server_id, name, type, position, created_at) VALUES (82, 11, 'walk', 'Announcement', 2, '2025-07-07 20:17:53');
INSERT INTO channels (id, server_id, name, type, position, created_at) VALUES (83, 11, 'now', 'Announcement', 3, '2025-04-26 18:08:41');
INSERT INTO channels (id, server_id, name, type, position, created_at) VALUES (84, 11, 'be', 'Text', 4, '2025-09-10 19:34:39');
INSERT INTO channels (id, server_id, name, type, position, created_at) VALUES (85, 11, 'certainly', 'Voice', 5, '2025-02-13 16:05:30');
INSERT INTO channels (id, server_id, name, type, position, created_at) VALUES (86, 11, 'city', 'Voice', 6, '2024-12-30 16:50:00');
INSERT INTO channels (id, server_id, name, type, position, created_at) VALUES (87, 11, 'during', 'Text', 7, '2025-02-13 23:32:30');
INSERT INTO channels (id, server_id, name, type, position, created_at) VALUES (88, 11, 'identify', 'Voice', 8, '2025-07-19 12:35:10');
INSERT INTO channels (id, server_id, name, type, position, created_at) VALUES (89, 12, 'rule', 'Announcement', 1, '2025-05-09 21:43:55');
INSERT INTO channels (id, server_id, name, type, position, created_at) VALUES (90, 12, 'claim', 'Text', 2, '2024-12-26 10:23:41');
INSERT INTO channels (id, server_id, name, type, position, created_at) VALUES (91, 12, 'seat', 'Voice', 3, '2025-07-03 03:08:07');
INSERT INTO channels (id, server_id, name, type, position, created_at) VALUES (92, 12, 'difficult', 'Announcement', 4, '2024-11-19 18:18:46');
INSERT INTO channels (id, server_id, name, type, position, created_at) VALUES (93, 12, 'attack', 'Announcement', 5, '2025-06-01 12:46:27');
INSERT INTO channels (id, server_id, name, type, position, created_at) VALUES (94, 12, 'join', 'Announcement', 6, '2025-02-15 08:09:04');
INSERT INTO channels (id, server_id, name, type, position, created_at) VALUES (95, 12, 'involve', 'Announcement', 7, '2025-01-08 03:21:27');
INSERT INTO channels (id, server_id, name, type, position, created_at) VALUES (96, 12, 'give', 'Voice', 8, '2025-04-29 01:55:15');

-- messages
INSERT INTO messages (id, channel_id, author_id, content, created_at) VALUES (1, 6, 16, 'Letter artist strategy hope show watch affect thing offer local wall fear hope through structure Mrs same son today major.', '2025-01-25 03:00:59');
INSERT INTO messages (id, channel_id, author_id, content, created_at) VALUES (2, 82, 34, 'Job ahead from quickly identify close level camera performance agree hour north agree.', '2024-12-09 15:56:29');
INSERT INTO messages (id, channel_id, author_id, content, created_at) VALUES (3, 65, 25, 'Career left anyone here deep force seven here sell story edge bank affect much yourself glass practice sit prepare senior.', '2024-11-30 06:53:40');
INSERT INTO messages (id, channel_id, author_id, content, created_at) VALUES (4, 87, 24, 'Current after charge call prove nor design record short cold.', '2025-08-30 14:37:11');
INSERT INTO messages (id, channel_id, author_id, content, created_at) VALUES (5, 6, 51, 'White responsibility sing clearly find official.', '2025-03-27 06:54:59');
INSERT INTO messages (id, channel_id, author_id, content, created_at) VALUES (6, 26, 50, 'Office traditional heart walk cup option store drug recent feeling range south.', '2025-01-04 04:35:31');
INSERT INTO messages (id, channel_id, author_id, content, created_at) VALUES (7, 6, 35, 'Site girl into have media game support state black whether player stock religious itself safe whole establish.', '2025-09-25 07:34:35');
INSERT INTO messages (id, channel_id, author_id, content, created_at) VALUES (8, 83, 54, 'Simple let stay or focus early various everything late seek now property from management foot maintain great election evidence other they.', '2025-08-10 10:37:19');
INSERT INTO messages (id, channel_id, author_id, content, created_at) VALUES (9, 59, 52, 'Act way beat result major serve real position make.', '2024-12-07 21:15:50');
INSERT INTO messages (id, channel_id, author_id, content, created_at) VALUES (10, 96, 3, 'Behavior develop reality fill ok list most.', '2025-01-30 16:05:19');
INSERT INTO messages (id, channel_id, author_id, content, created_at) VALUES (11, 4, 57, 'You nearly goal law.', '2025-03-15 22:41:26');
INSERT INTO messages (id, channel_id, author_id, content, created_at) VALUES (12, 39, 53, 'Edge building court build movie several continue describe machine right with modern executive beyond create dinner conference add move.', '2025-05-16 05:31:48');
INSERT INTO messages (id, channel_id, author_id, content, created_at) VALUES (13, 33, 49, 'Animal approach factor want point sell bill activity.', '2025-03-04 11:52:16');
INSERT INTO messages (id, channel_id, author_id, content, created_at) VALUES (14, 41, 56, 'Light key continue anything wait local state husband available picture approach chance.', '2025-02-27 11:41:16');
INSERT INTO messages (id, channel_id, author_id, content, created_at) VALUES (15, 14, 28, 'We be easy newspaper indicate other peace simply herself training father open investment notice art whether between several personal.', '2025-08-29 01:15:15');
INSERT INTO messages (id, channel_id, author_id, content, created_at) VALUES (16, 63, 22, 'Produce church community avoid able late order.', '2025-05-25 02:04:25');
INSERT INTO messages (id, channel_id, author_id, content, created_at) VALUES (17, 96, 24, 'Allow explain executive teacher author do enough social operation sound cup boy different chance enter central arrive society.', '2025-02-24 23:08:29');
INSERT INTO messages (id, channel_id, author_id, content, created_at) VALUES (18, 15, 6, 'See notice eye buy read record wall matter management ball always it focus economy before while structure offer week yourself public.', '2025-07-05 08:23:46');
INSERT INTO messages (id, channel_id, author_id, content, created_at) VALUES (19, 21, 21, 'Office several compare million kind.', '2024-12-14 11:25:14');
INSERT INTO messages (id, channel_id, author_id, content, created_at) VALUES (20, 45, 20, 'Consider one play man before girl four prove tax form really explain war spend nearly lawyer.', '2025-07-05 09:57:54');
INSERT INTO messages (id, channel_id, author_id, content, created_at) VALUES (21, 95, 11, 'Education break significant ten stay ability thank left approach million performance material kind appear environment capital explain.', '2025-03-29 21:46:47');
INSERT INTO messages (id, channel_id, author_id, content, created_at) VALUES (22, 57, 47, 'Building win participant dream citizen nearly need behavior yeah tree left brother strategy marriage respond meeting event.', '2025-07-10 03:57:20');
INSERT INTO messages (id, channel_id, author_id, content, created_at) VALUES (23, 53, 41, 'Woman during necessary himself.', '2024-12-12 12:33:31');
INSERT INTO messages (id, channel_id, author_id, content, created_at) VALUES (24, 87, 24, 'Meet these tell everybody so increase various meet star executive fear only your majority chance Mrs generation necessary myself lay focus country recently occur do.', '2025-09-20 11:52:48');
INSERT INTO messages (id, channel_id, author_id, content, created_at) VALUES (25, 91, 2, 'Analysis seat relate specific history professional star.', '2025-10-08 23:17:44');
INSERT INTO messages (id, channel_id, author_id, content, created_at) VALUES (26, 80, 3, 'Manager already maybe opportunity thank.', '2024-12-09 11:47:05');
INSERT INTO messages (id, channel_id, author_id, content, created_at) VALUES (27, 30, 24, 'Between treat address century that wide avoid sit enter perhaps however bag forget purpose move west phone.', '2025-06-21 16:13:39');
INSERT INTO messages (id, channel_id, author_id, content, created_at) VALUES (28, 3, 44, 'Their along attention piece TV young section its better plant their kitchen really tough animal someone fall hear certainly most.', '2025-04-06 10:45:51');
INSERT INTO messages (id, channel_id, author_id, content, created_at) VALUES (29, 48, 49, 'Radio conference company participant him raise.', '2025-06-24 06:27:47');
INSERT INTO messages (id, channel_id, author_id, content, created_at) VALUES (30, 22, 26, 'Tree central leave effect effort act source top quality citizen kid generation onto police interesting.', '2025-07-23 15:28:09');
INSERT INTO messages (id, channel_id, author_id, content, created_at) VALUES (31, 36, 8, 'Lead few.', '2025-08-26 02:06:40');
INSERT INTO messages (id, channel_id, author_id, content, created_at) VALUES (32, 24, 34, 'Table blood high grow fast recognize against stop how account ten sing wind treat seat strategy.', '2025-11-03 03:57:27');
INSERT INTO messages (id, channel_id, author_id, content, created_at) VALUES (33, 66, 17, 'Simply discover soon despite couple economy sense should race carry.', '2025-08-13 19:13:56');
INSERT INTO messages (id, channel_id, author_id, content, created_at) VALUES (34, 60, 40, 'Tough position final kid often run bed far.', '2025-08-09 21:29:34');
INSERT INTO messages (id, channel_id, author_id, content, created_at) VALUES (35, 60, 8, 'Compare car much will most tree store.', '2025-10-10 14:02:29');
INSERT INTO messages (id, channel_id, author_id, content, created_at) VALUES (36, 16, 12, 'Trial want whose far that sound life away senior difficult put purpose however suffer newspaper.', '2024-12-17 11:23:36');
INSERT INTO messages (id, channel_id, author_id, content, created_at) VALUES (37, 86, 43, 'So add Mr lawyer pull public once state wait.', '2025-08-15 22:31:16');
INSERT INTO messages (id, channel_id, author_id, content, created_at) VALUES (38, 13, 58, 'Push likely people wall foreign particular positive play.', '2025-10-10 00:23:38');
INSERT INTO messages (id, channel_id, author_id, content, created_at) VALUES (39, 19, 51, 'Travel few impact cause watch fight manage best thought career law provide sea watch industry score.', '2025-05-29 23:04:18');
INSERT INTO messages (id, channel_id, author_id, content, created_at) VALUES (40, 26, 13, 'Those pressure street past voice.', '2025-02-13 07:39:56');
INSERT INTO messages (id, channel_id, author_id, content, created_at) VALUES (41, 57, 24, 'Allow have kitchen wear talk between rate name within grow huge couple business summer lawyer production politics others again.', '2025-06-23 15:08:11');
INSERT INTO messages (id, channel_id, author_id, content, created_at) VALUES (42, 48, 52, 'During call north attention share debate democratic thank forget challenge too able teach certain candidate economy company produce ago address.', '2025-01-02 18:40:47');
INSERT INTO messages (id, channel_id, author_id, content, created_at) VALUES (43, 74, 5, 'Open administration enter camera inside box as large gun order.', '2025-04-17 00:14:39');
INSERT INTO messages (id, channel_id, author_id, content, created_at) VALUES (44, 96, 34, 'Mean war analysis situation term miss leader who article look husband rather make travel available ball part assume.', '2025-09-08 02:15:27');
INSERT INTO messages (id, channel_id, author_id, content, created_at) VALUES (45, 50, 9, 'Person one Republican herself our far measure involve soldier boy pressure there.', '2025-07-20 20:09:14');
INSERT INTO messages (id, channel_id, author_id, content, created_at) VALUES (46, 16, 30, 'Result Democrat later direction fund law indeed believe interview professor hear check type attack story behavior benefit school speech news only no form business.', '2025-03-27 04:14:05');
INSERT INTO messages (id, channel_id, author_id, content, created_at) VALUES (47, 19, 50, 'Them wait institution trouble anything explain fine.', '2025-04-30 09:25:08');
INSERT INTO messages (id, channel_id, author_id, content, created_at) VALUES (48, 65, 54, 'Official defense prevent difference.', '2025-06-02 14:11:10');
INSERT INTO messages (id, channel_id, author_id, content, created_at) VALUES (49, 21, 11, 'Glass news boy everything difficult.', '2025-03-18 16:32:26');
INSERT INTO messages (id, channel_id, author_id, content, created_at) VALUES (50, 92, 23, 'Suddenly window stand party poor ago upon stop environment Congress reflect finally fund accept thank not husband center plan air second.', '2025-10-26 22:26:18');
INSERT INTO messages (id, channel_id, author_id, content, created_at) VALUES (51, 34, 17, 'Heavy law church find food walk other.', '2025-07-18 00:17:07');
INSERT INTO messages (id, channel_id, author_id, content, created_at) VALUES (52, 69, 9, 'Choose senior anyone bank kitchen interest parent.', '2025-07-10 00:00:39');
INSERT INTO messages (id, channel_id, author_id, content, created_at) VALUES (53, 66, 33, 'Event sense box involve exist question main project animal.', '2025-07-01 05:10:44');
INSERT INTO messages (id, channel_id, author_id, content, created_at) VALUES (54, 75, 11, 'Worker area daughter war should share face build market issue can mouth discover next.', '2025-10-06 14:04:23');
INSERT INTO messages (id, channel_id, author_id, content, created_at) VALUES (55, 73, 53, 'Author technology amount.', '2024-12-14 22:10:34');
INSERT INTO messages (id, channel_id, author_id, content, created_at) VALUES (56, 5, 42, 'Least back fine investment identify.', '2025-09-07 05:42:01');
INSERT INTO messages (id, channel_id, author_id, content, created_at) VALUES (57, 79, 40, 'Face if whom.', '2025-05-25 19:10:32');
INSERT INTO messages (id, channel_id, author_id, content, created_at) VALUES (58, 85, 42, 'Soon peace story turn because such during open model.', '2025-05-19 22:29:47');
INSERT INTO messages (id, channel_id, author_id, content, created_at) VALUES (59, 31, 20, 'That second develop single baby plan most create simply go when population challenge bill eight community check service.', '2024-12-11 17:16:56');
INSERT INTO messages (id, channel_id, author_id, content, created_at) VALUES (60, 89, 11, 'Concern significant management senior service large under north play person ten.', '2025-04-23 18:59:59');
INSERT INTO messages (id, channel_id, author_id, content, created_at) VALUES (61, 64, 14, 'Firm key light place someone option goal avoid left also hard expert popular within bed order his oil.', '2025-07-06 23:36:28');
INSERT INTO messages (id, channel_id, author_id, content, created_at) VALUES (62, 22, 56, 'Last special prepare focus little character artist billion.', '2025-08-25 12:21:43');
INSERT INTO messages (id, channel_id, author_id, content, created_at) VALUES (63, 47, 9, 'Word base position always remain yard model particular hair truth hold simple quickly appear.', '2025-06-01 09:05:13');
INSERT INTO messages (id, channel_id, author_id, content, created_at) VALUES (64, 66, 21, 'Positive at behind question exist rich prevent trade their four old center glass whose.', '2025-05-13 12:57:50');
INSERT INTO messages (id, channel_id, author_id, content, created_at) VALUES (65, 13, 29, 'Can remember be next poor foreign campaign reflect water young treatment.', '2025-01-07 02:11:57');
INSERT INTO messages (id, channel_id, author_id, content, created_at) VALUES (66, 9, 19, 'Position interest gun guy Congress degree way main difficult case.', '2025-10-14 23:42:55');
INSERT INTO messages (id, channel_id, author_id, content, created_at) VALUES (67, 79, 16, 'Fast small medical music school.', '2025-09-25 07:17:15');
INSERT INTO messages (id, channel_id, author_id, content, created_at) VALUES (68, 46, 13, 'Also from short capital heavy class story side speak close.', '2025-05-25 21:17:45');
INSERT INTO messages (id, channel_id, author_id, content, created_at) VALUES (69, 72, 32, 'Analysis hair rest wide particular sell six doctor dream whole six tough create.', '2025-05-25 12:57:05');
INSERT INTO messages (id, channel_id, author_id, content, created_at) VALUES (70, 2, 26, 'Worker left example high month whom stage soon catch economic political them never bill suffer surface expect several evening town challenge join watch develop later.', '2025-05-09 22:49:22');
INSERT INTO messages (id, channel_id, author_id, content, created_at) VALUES (71, 28, 38, 'Us increase how hear history bank different five between research friend certainly although true.', '2024-12-02 06:39:04');
INSERT INTO messages (id, channel_id, author_id, content, created_at) VALUES (72, 5, 32, 'Receive catch relationship large accept bad eight strong nature road month book explain feeling answer information soldier lead book toward others.', '2025-03-04 08:29:32');
INSERT INTO messages (id, channel_id, author_id, content, created_at) VALUES (73, 65, 55, 'Place offer responsibility.', '2025-04-29 17:39:44');
INSERT INTO messages (id, channel_id, author_id, content, created_at) VALUES (74, 21, 47, 'Investment pass drive indicate professor beat window attack moment medical write never hospital.', '2025-09-06 00:47:07');
INSERT INTO messages (id, channel_id, author_id, content, created_at) VALUES (75, 54, 3, 'Analysis hit health section ground attack drop price billion old series card good full poor store range wonder.', '2024-12-03 05:56:55');
INSERT INTO messages (id, channel_id, author_id, content, created_at) VALUES (76, 76, 24, 'Place specific as simply leader fall analysis current among value middle writer myself education send course ground sit tend forward buy happy threat sea.', '2025-03-05 11:05:14');
INSERT INTO messages (id, channel_id, author_id, content, created_at) VALUES (77, 15, 33, 'Fund cost reality happen something entire bar interesting issue yet Congress family bill foreign fast knowledge response coach.', '2025-09-06 05:53:13');
INSERT INTO messages (id, channel_id, author_id, content, created_at) VALUES (78, 69, 53, 'Goal amount thank good your ever.', '2025-01-02 08:21:14');
INSERT INTO messages (id, channel_id, author_id, content, created_at) VALUES (79, 15, 24, 'Avoid point guy song quickly well central parent.', '2025-06-18 00:29:38');
INSERT INTO messages (id, channel_id, author_id, content, created_at) VALUES (80, 43, 13, 'Alone attack sing hand him note painting quickly we head several off morning huge power economic box save material hit no energy.', '2025-04-18 06:19:23');
INSERT INTO messages (id, channel_id, author_id, content, created_at) VALUES (81, 65, 3, 'Region Democrat partner.', '2025-01-05 14:23:45');
INSERT INTO messages (id, channel_id, author_id, content, created_at) VALUES (82, 94, 52, 'Customer career available common require young specific whose worry property remember nearly face feel church remember record company gun difference world.', '2025-06-03 01:39:22');
INSERT INTO messages (id, channel_id, author_id, content, created_at) VALUES (83, 59, 39, 'Door management guess occur level work candidate this assume huge response long improve important.', '2025-01-06 15:58:39');
INSERT INTO messages (id, channel_id, author_id, content, created_at) VALUES (84, 46, 11, 'Available win politics last quite general there sister policy consider whom item treat area buy check clearly follow remember.', '2025-07-10 19:19:31');
INSERT INTO messages (id, channel_id, author_id, content, created_at) VALUES (85, 93, 38, 'Way million exist bad cultural what ever person pass behavior political option oil.', '2025-05-29 09:38:34');
INSERT INTO messages (id, channel_id, author_id, content, created_at) VALUES (86, 72, 46, 'Probably result painting successful nor stay agreement animal political.', '2025-05-16 19:26:39');
INSERT INTO messages (id, channel_id, author_id, content, created_at) VALUES (87, 6, 22, 'Enough decision occur peace air threat nation.', '2025-04-24 03:33:40');
INSERT INTO messages (id, channel_id, author_id, content, created_at) VALUES (88, 77, 51, 'Lot source.', '2025-07-03 04:43:31');
INSERT INTO messages (id, channel_id, author_id, content, created_at) VALUES (89, 61, 42, 'Father authority art keep machine daughter parent fine responsibility safe team.', '2025-08-20 13:03:39');
INSERT INTO messages (id, channel_id, author_id, content, created_at) VALUES (90, 8, 11, 'Candidate have no five letter environment easy best face his past eat tend civil force officer fine several marriage method material.', '2025-07-15 16:03:52');
INSERT INTO messages (id, channel_id, author_id, content, created_at) VALUES (91, 95, 10, 'Market bed hotel lead drive on any example our.', '2024-11-25 15:22:58');
INSERT INTO messages (id, channel_id, author_id, content, created_at) VALUES (92, 74, 13, 'Experience account blue.', '2025-05-03 15:54:06');
INSERT INTO messages (id, channel_id, author_id, content, created_at) VALUES (93, 47, 10, 'Think road shake hand hundred now crime network available mean share evidence.', '2025-08-08 13:03:12');
INSERT INTO messages (id, channel_id, author_id, content, created_at) VALUES (94, 31, 33, 'Quite budget window hour some fund voice sense current meeting matter and case four listen lead paper middle foreign party class wrong school federal from.', '2025-10-18 08:22:30');
INSERT INTO messages (id, channel_id, author_id, content, created_at) VALUES (95, 89, 46, 'Mother remember feel staff happy purpose woman on.', '2025-06-02 19:36:08');
INSERT INTO messages (id, channel_id, author_id, content, created_at) VALUES (96, 30, 43, 'Ago listen whose situation simply officer return on color pick people subject challenge quite all way body affect finish charge real improve simple turn their.', '2025-06-05 10:55:35');
INSERT INTO messages (id, channel_id, author_id, content, created_at) VALUES (97, 54, 12, 'Relationship million night your long heavy what least mouth national put.', '2025-11-02 14:44:16');
INSERT INTO messages (id, channel_id, author_id, content, created_at) VALUES (98, 70, 35, 'Particular court east newspaper different win father eye debate relate first give value.', '2025-08-02 20:40:34');
INSERT INTO messages (id, channel_id, author_id, content, created_at) VALUES (99, 93, 40, 'Explain of myself time house generation significant chair among western bad under pretty section degree still even.', '2025-01-27 01:09:22');
INSERT INTO messages (id, channel_id, author_id, content, created_at) VALUES (100, 29, 36, 'Receive case past only drug prove most point appear including response beyond side accept nearly.', '2025-02-08 17:02:13');
INSERT INTO messages (id, channel_id, author_id, content, created_at) VALUES (101, 37, 46, 'Imagine various there local current white fly.', '2025-08-08 10:37:36');
INSERT INTO messages (id, channel_id, author_id, content, created_at) VALUES (102, 96, 21, 'Traditional become off movement rich view tree company think compare try young.', '2025-03-28 20:12:20');
INSERT INTO messages (id, channel_id, author_id, content, created_at) VALUES (103, 69, 19, 'Small control see the face also.', '2025-06-24 02:18:56');
INSERT INTO messages (id, channel_id, author_id, content, created_at) VALUES (104, 87, 58, 'Nothing blue work expect writer myself management voice surface life cover both class learn.', '2025-09-27 04:57:18');
INSERT INTO messages (id, channel_id, author_id, content, created_at) VALUES (105, 43, 19, 'Responsibility add front.', '2025-03-05 02:02:00');
INSERT INTO messages (id, channel_id, author_id, content, created_at) VALUES (106, 90, 23, 'Nothing serious compare task today still middle beautiful protect continue cell food easy end dog send.', '2025-07-26 03:13:37');
INSERT INTO messages (id, channel_id, author_id, content, created_at) VALUES (107, 40, 14, 'Few reveal activity president realize artist brother fill if.', '2025-09-30 22:11:37');
INSERT INTO messages (id, channel_id, author_id, content, created_at) VALUES (108, 69, 60, 'Type thousand show real police wait happen determine whatever long lawyer writer health reduce tree serious soon stay seven quite other skin moment month.', '2025-08-10 17:54:40');
INSERT INTO messages (id, channel_id, author_id, content, created_at) VALUES (109, 35, 7, 'Back nor article natural measure of change foreign minute break.', '2025-02-15 12:59:49');
INSERT INTO messages (id, channel_id, author_id, content, created_at) VALUES (110, 4, 41, 'Response major together knowledge argue car indeed nor.', '2024-12-03 18:22:37');
INSERT INTO messages (id, channel_id, author_id, content, created_at) VALUES (111, 15, 22, 'Left southern rich how staff second official and general as yes various attorney value all important shoulder she within position inside year him.', '2024-12-22 10:16:15');
INSERT INTO messages (id, channel_id, author_id, content, created_at) VALUES (112, 83, 1, 'Heart radio product much president girl condition Mr more road development about age fear pull name mother statement easy get every.', '2025-11-09 04:57:40');
INSERT INTO messages (id, channel_id, author_id, content, created_at) VALUES (113, 23, 42, 'Allow produce past view threat drive attack order land public the each analysis.', '2025-05-17 19:16:01');
INSERT INTO messages (id, channel_id, author_id, content, created_at) VALUES (114, 84, 49, 'Doctor describe tell argue mean eye staff rule five our pull fly few.', '2025-03-18 02:37:27');
INSERT INTO messages (id, channel_id, author_id, content, created_at) VALUES (115, 33, 59, 'Worry miss including.', '2025-07-24 16:59:21');
INSERT INTO messages (id, channel_id, author_id, content, created_at) VALUES (116, 76, 35, 'Article we they.', '2025-11-03 01:02:32');
INSERT INTO messages (id, channel_id, author_id, content, created_at) VALUES (117, 23, 57, 'Personal interview many win walk provide.', '2025-11-11 01:54:50');
INSERT INTO messages (id, channel_id, author_id, content, created_at) VALUES (118, 7, 51, 'Five indicate chance heavy senior list support feeling remain south trip none whose newspaper care drug data position two suggest begin right.', '2025-01-24 17:40:28');
INSERT INTO messages (id, channel_id, author_id, content, created_at) VALUES (119, 93, 57, 'Appear help painting.', '2024-11-16 23:30:02');
INSERT INTO messages (id, channel_id, author_id, content, created_at) VALUES (120, 34, 60, 'Them could seven right next look thank four.', '2025-03-03 21:25:52');
INSERT INTO messages (id, channel_id, author_id, content, created_at) VALUES (121, 64, 57, 'Deep couple scientist section.', '2025-10-09 21:34:34');
INSERT INTO messages (id, channel_id, author_id, content, created_at) VALUES (122, 72, 18, 'Trial receive region however dream focus executive letter possible final.', '2025-09-23 11:48:58');
INSERT INTO messages (id, channel_id, author_id, content, created_at) VALUES (123, 14, 11, 'Mention market better wonder light style trial have including none determine certainly end various often individual charge form.', '2025-07-23 03:34:54');
INSERT INTO messages (id, channel_id, author_id, content, created_at) VALUES (124, 35, 1, 'Now early nearly want front shake major rich science leave run goal cause national.', '2025-09-16 11:36:47');
INSERT INTO messages (id, channel_id, author_id, content, created_at) VALUES (125, 36, 12, 'True my politics arrive almost suggest war property share include successful discuss.', '2025-09-30 13:13:41');
INSERT INTO messages (id, channel_id, author_id, content, created_at) VALUES (126, 54, 6, 'Across media health pay project pattern low maintain according necessary activity.', '2025-07-31 07:02:28');
INSERT INTO messages (id, channel_id, author_id, content, created_at) VALUES (127, 11, 9, 'Reveal movie expert maybe recently issue vote conference truth modern drive people education great some bad where learn during recently feel stock.', '2025-03-19 01:18:38');
INSERT INTO messages (id, channel_id, author_id, content, created_at) VALUES (128, 25, 17, 'President teach service behavior here need argue act commercial matter.', '2025-02-12 20:20:29');
INSERT INTO messages (id, channel_id, author_id, content, created_at) VALUES (129, 61, 22, 'Population former with wind thus try discover top realize note even under range.', '2025-06-27 14:03:07');
INSERT INTO messages (id, channel_id, author_id, content, created_at) VALUES (130, 89, 17, 'Tonight nor allow up fire which onto sell require huge baby class drive.', '2025-08-09 10:11:44');
INSERT INTO messages (id, channel_id, author_id, content, created_at) VALUES (131, 25, 43, 'Quality music himself science so ready.', '2025-05-13 02:55:12');
INSERT INTO messages (id, channel_id, author_id, content, created_at) VALUES (132, 35, 26, 'May window approach join stuff future shoulder western however similar ahead event yeah.', '2025-11-06 21:05:45');
INSERT INTO messages (id, channel_id, author_id, content, created_at) VALUES (133, 93, 45, 'Direction need heart control one herself sign.', '2025-07-19 10:20:43');
INSERT INTO messages (id, channel_id, author_id, content, created_at) VALUES (134, 38, 40, 'Something require bank child Republican plant science first blood.', '2025-02-06 11:33:03');
INSERT INTO messages (id, channel_id, author_id, content, created_at) VALUES (135, 24, 10, 'Wall know seven bill beautiful issue news mention billion bed.', '2025-08-30 18:31:05');
INSERT INTO messages (id, channel_id, author_id, content, created_at) VALUES (136, 78, 27, 'Behavior our foot history factor hold be top toward within occur college herself catch feeling manage as itself inside machine baby edge east person order crime.', '2025-11-02 21:00:29');
INSERT INTO messages (id, channel_id, author_id, content, created_at) VALUES (137, 60, 49, 'Career according how success here television key.', '2025-08-04 14:22:14');
INSERT INTO messages (id, channel_id, author_id, content, created_at) VALUES (138, 74, 34, 'Spring teacher wind carry fly water cut fire who why fact reason make office drug heavy staff hotel box.', '2025-06-06 12:03:17');
INSERT INTO messages (id, channel_id, author_id, content, created_at) VALUES (139, 94, 5, 'Customer young conference should agree road wall.', '2024-12-07 08:45:04');
INSERT INTO messages (id, channel_id, author_id, content, created_at) VALUES (140, 68, 37, 'Just fact realize standard somebody important material plan drug probably resource smile available wrong look husband media.', '2025-01-10 13:50:59');
INSERT INTO messages (id, channel_id, author_id, content, created_at) VALUES (141, 22, 55, 'Myself so growth time Mr point be shoulder price great positive and worker quality hundred sell whole involve action else member.', '2025-05-03 23:22:36');
INSERT INTO messages (id, channel_id, author_id, content, created_at) VALUES (142, 12, 46, 'Newspaper reach determine hear leg quickly real character young lot far turn beat story role give gas six miss give best reveal.', '2024-12-18 16:45:43');
INSERT INTO messages (id, channel_id, author_id, content, created_at) VALUES (143, 72, 52, 'Five feel special boy.', '2025-05-08 11:25:11');
INSERT INTO messages (id, channel_id, author_id, content, created_at) VALUES (144, 23, 30, 'Possible quality clearly worker.', '2025-06-18 09:29:30');
INSERT INTO messages (id, channel_id, author_id, content, created_at) VALUES (145, 61, 47, 'Might necessary.', '2025-04-16 03:38:02');
INSERT INTO messages (id, channel_id, author_id, content, created_at) VALUES (146, 33, 48, 'Nice when discussion if continue policy it ahead pass.', '2025-06-25 23:22:34');
INSERT INTO messages (id, channel_id, author_id, content, created_at) VALUES (147, 9, 28, 'Last involve above Democrat everything region somebody officer son Mr hand.', '2025-08-12 09:11:04');
INSERT INTO messages (id, channel_id, author_id, content, created_at) VALUES (148, 9, 60, 'Leader energy television month.', '2025-11-11 00:32:36');
INSERT INTO messages (id, channel_id, author_id, content, created_at) VALUES (149, 57, 19, 'Others particularly only girl suddenly pay sport relationship father pass be care brother figure consumer really.', '2025-01-22 06:40:19');
INSERT INTO messages (id, channel_id, author_id, content, created_at) VALUES (150, 23, 24, 'Home others offer institution main Mr try us community cold eye cost success people tend weight machine crime.', '2025-05-06 13:47:36');
INSERT INTO messages (id, channel_id, author_id, content, created_at) VALUES (151, 55, 6, 'White measure manager range indeed style major bar air set factor ever Mrs collection leader score she near both box simple.', '2025-01-04 00:40:45');
INSERT INTO messages (id, channel_id, author_id, content, created_at) VALUES (152, 86, 8, 'My series service kid despite interesting save president.', '2025-06-10 00:44:11');
INSERT INTO messages (id, channel_id, author_id, content, created_at) VALUES (153, 51, 47, 'Fear yourself last give stage keep yes simply down.', '2025-10-03 14:13:33');
INSERT INTO messages (id, channel_id, author_id, content, created_at) VALUES (154, 1, 20, 'Ready technology particular into pattern size spend south now mother others collection without fall of weight method too spring career seek in.', '2025-08-01 22:35:53');
INSERT INTO messages (id, channel_id, author_id, content, created_at) VALUES (155, 95, 35, 'Yeah term camera tend economic represent stock seven put majority.', '2025-09-29 03:23:59');
INSERT INTO messages (id, channel_id, author_id, content, created_at) VALUES (156, 28, 30, 'Plan physical heart away some shoulder idea seek reason theory lawyer maintain old than suggest behavior will play.', '2025-01-12 14:57:37');
INSERT INTO messages (id, channel_id, author_id, content, created_at) VALUES (157, 36, 60, 'Sure somebody huge why station manager.', '2024-11-25 21:24:41');
INSERT INTO messages (id, channel_id, author_id, content, created_at) VALUES (158, 87, 40, 'Stock front official.', '2025-02-14 20:17:48');
INSERT INTO messages (id, channel_id, author_id, content, created_at) VALUES (159, 26, 7, 'System small thus several animal.', '2025-05-05 18:15:24');
INSERT INTO messages (id, channel_id, author_id, content, created_at) VALUES (160, 73, 16, 'Six least buy tax kid.', '2025-04-18 14:30:33');
INSERT INTO messages (id, channel_id, author_id, content, created_at) VALUES (161, 60, 35, 'Yeah into yet travel think.', '2025-09-02 08:30:31');
INSERT INTO messages (id, channel_id, author_id, content, created_at) VALUES (162, 3, 33, 'City usually ever pressure economy head tough close how figure record.', '2025-02-12 07:40:04');
INSERT INTO messages (id, channel_id, author_id, content, created_at) VALUES (163, 94, 37, 'Investment before believe degree back order mind knowledge account gas building.', '2025-02-13 09:13:48');
INSERT INTO messages (id, channel_id, author_id, content, created_at) VALUES (164, 35, 43, 'Really local director become south billion happen federal him spend themselves political quality attention none particular clearly goal defense security turn.', '2025-02-07 05:23:31');
INSERT INTO messages (id, channel_id, author_id, content, created_at) VALUES (165, 53, 18, 'Rather team beautiful beyond sell.', '2025-06-17 14:06:48');
INSERT INTO messages (id, channel_id, author_id, content, created_at) VALUES (166, 75, 41, 'Role goal investment social easy popular easy over return expect wait agree suggest then day parent country hot position six soldier.', '2025-06-17 06:01:41');
INSERT INTO messages (id, channel_id, author_id, content, created_at) VALUES (167, 57, 23, 'Manager both matter order month within would value car team nothing half raise.', '2025-09-14 13:21:14');
INSERT INTO messages (id, channel_id, author_id, content, created_at) VALUES (168, 70, 45, 'West side admit attack energy always art smile media pick may indeed reduce bar Mr pattern everyone finally memory.', '2025-04-20 22:22:32');
INSERT INTO messages (id, channel_id, author_id, content, created_at) VALUES (169, 21, 25, 'Window choice force only shake power.', '2025-09-02 08:47:31');
INSERT INTO messages (id, channel_id, author_id, content, created_at) VALUES (170, 72, 16, 'Financial join well draw each under.', '2025-03-10 04:11:27');
INSERT INTO messages (id, channel_id, author_id, content, created_at) VALUES (171, 91, 52, 'Law participant finally score scientist budget remain reduce clearly well mission situation.', '2025-11-03 15:07:48');
INSERT INTO messages (id, channel_id, author_id, content, created_at) VALUES (172, 7, 27, 'Cold camera sit environmental though sign ahead southern evening ask Republican office baby lawyer growth matter note happy.', '2025-06-07 05:00:22');
INSERT INTO messages (id, channel_id, author_id, content, created_at) VALUES (173, 23, 16, 'Significant thus purpose boy scientist able teach activity animal hair.', '2025-01-31 08:21:36');
INSERT INTO messages (id, channel_id, author_id, content, created_at) VALUES (174, 42, 60, 'Condition whether along sort research pretty different eat trouble floor step number budget.', '2025-10-08 08:58:47');
INSERT INTO messages (id, channel_id, author_id, content, created_at) VALUES (175, 42, 35, 'Conference source wonder west attention.', '2024-12-03 09:28:50');
INSERT INTO messages (id, channel_id, author_id, content, created_at) VALUES (176, 39, 44, 'Tend similar financial beat.', '2025-10-18 15:51:26');
INSERT INTO messages (id, channel_id, author_id, content, created_at) VALUES (177, 12, 52, 'Account customer nor fight performance less option management significant crime too set early according improve do get style theory week ability price support.', '2025-02-05 15:51:54');
INSERT INTO messages (id, channel_id, author_id, content, created_at) VALUES (178, 60, 56, 'Billion morning draw man art young Republican behavior TV today mind red.', '2025-03-11 03:02:29');
INSERT INTO messages (id, channel_id, author_id, content, created_at) VALUES (179, 4, 60, 'Learn security oil measure PM hour option artist production.', '2025-08-28 08:10:27');
INSERT INTO messages (id, channel_id, author_id, content, created_at) VALUES (180, 16, 59, 'Door end fire song red save fish.', '2025-08-10 12:49:52');
INSERT INTO messages (id, channel_id, author_id, content, created_at) VALUES (181, 76, 26, 'Do want carry show board black last finish building.', '2025-06-15 18:52:35');
INSERT INTO messages (id, channel_id, author_id, content, created_at) VALUES (182, 45, 25, 'Who debate final enter build citizen rather step recent American structure foreign before eat green message quality.', '2025-06-08 15:06:14');
INSERT INTO messages (id, channel_id, author_id, content, created_at) VALUES (183, 86, 20, 'Star community weight take new nearly behind big soldier building.', '2025-04-02 01:15:18');
INSERT INTO messages (id, channel_id, author_id, content, created_at) VALUES (184, 72, 30, 'Store work candidate statement.', '2025-09-21 03:55:03');
INSERT INTO messages (id, channel_id, author_id, content, created_at) VALUES (185, 96, 49, 'Rather visit base only true avoid young cup position speak begin suggest speak.', '2025-11-03 11:18:08');
INSERT INTO messages (id, channel_id, author_id, content, created_at) VALUES (186, 30, 21, 'Amount leave collection off start house ahead raise common Democrat cost evidence.', '2024-12-01 03:13:23');
INSERT INTO messages (id, channel_id, author_id, content, created_at) VALUES (187, 76, 48, 'Alone people early far include.', '2024-11-19 16:18:17');
INSERT INTO messages (id, channel_id, author_id, content, created_at) VALUES (188, 39, 19, 'Look because him information poor something eat yes myself.', '2025-01-28 13:45:51');
INSERT INTO messages (id, channel_id, author_id, content, created_at) VALUES (189, 44, 25, 'Writer site grow name machine tree.', '2025-05-26 06:57:05');
INSERT INTO messages (id, channel_id, author_id, content, created_at) VALUES (190, 70, 17, 'Focus establish ago others ahead specific exactly speak line group once do city easy drop move social say shake way offer work.', '2025-08-21 09:10:23');
INSERT INTO messages (id, channel_id, author_id, content, created_at) VALUES (191, 88, 30, 'Great stuff suddenly compare or south recently trial.', '2025-08-24 23:03:24');
INSERT INTO messages (id, channel_id, author_id, content, created_at) VALUES (192, 43, 9, 'Region goal nothing center way student special wife my compare also argue.', '2025-05-22 00:33:44');
INSERT INTO messages (id, channel_id, author_id, content, created_at) VALUES (193, 17, 34, 'Despite money a truth cut.', '2025-10-05 05:48:34');
INSERT INTO messages (id, channel_id, author_id, content, created_at) VALUES (194, 9, 49, 'Future concern.', '2025-04-22 12:53:54');
INSERT INTO messages (id, channel_id, author_id, content, created_at) VALUES (195, 20, 5, 'Arrive challenge relate center book money half.', '2024-11-16 22:19:44');
INSERT INTO messages (id, channel_id, author_id, content, created_at) VALUES (196, 32, 24, 'Health walk.', '2025-07-11 07:45:58');
INSERT INTO messages (id, channel_id, author_id, content, created_at) VALUES (197, 88, 43, 'Only from follow wish run join police maintain fish religious no threat party ground program sport her safe family.', '2024-11-19 11:45:18');
INSERT INTO messages (id, channel_id, author_id, content, created_at) VALUES (198, 7, 1, 'Rock we.', '2025-06-06 23:39:16');
INSERT INTO messages (id, channel_id, author_id, content, created_at) VALUES (199, 93, 35, 'Hot yes whole allow own TV whose determine not view cell seat draw word collection.', '2024-11-20 00:54:18');
INSERT INTO messages (id, channel_id, author_id, content, created_at) VALUES (200, 71, 52, 'Start prove role from activity.', '2024-12-24 22:35:23');
INSERT INTO messages (id, channel_id, author_id, content, created_at) VALUES (201, 11, 16, 'Economic attack either blue ability history run.', '2025-07-12 01:54:02');
INSERT INTO messages (id, channel_id, author_id, content, created_at) VALUES (202, 69, 53, 'This manage her national big look tell prepare reach class available.', '2025-02-25 04:46:17');
INSERT INTO messages (id, channel_id, author_id, content, created_at) VALUES (203, 50, 24, 'Far five weight avoid color heart rule natural together.', '2025-05-10 15:17:36');
INSERT INTO messages (id, channel_id, author_id, content, created_at) VALUES (204, 76, 45, 'Full world throw relate issue president parent.', '2025-03-09 21:05:26');
INSERT INTO messages (id, channel_id, author_id, content, created_at) VALUES (205, 82, 42, 'Church big day couple.', '2024-12-19 16:36:44');
INSERT INTO messages (id, channel_id, author_id, content, created_at) VALUES (206, 55, 25, 'Reveal role enter example down anyone occur style child guess into far product outside current agent color factor bank such final however major produce before name.', '2025-05-17 05:48:48');
INSERT INTO messages (id, channel_id, author_id, content, created_at) VALUES (207, 1, 45, 'He high cost and keep enjoy.', '2024-12-15 11:48:53');
INSERT INTO messages (id, channel_id, author_id, content, created_at) VALUES (208, 63, 42, 'Nor character recent benefit property space including series dinner article hit mission.', '2025-06-21 03:17:25');
INSERT INTO messages (id, channel_id, author_id, content, created_at) VALUES (209, 9, 15, 'Reach view of dog federal house take alone number might number.', '2025-10-29 09:35:50');
INSERT INTO messages (id, channel_id, author_id, content, created_at) VALUES (210, 96, 18, 'Challenge we last we cold.', '2025-11-07 06:54:47');
INSERT INTO messages (id, channel_id, author_id, content, created_at) VALUES (211, 13, 58, 'Speak call interest write itself young physical street election treat trial attack hold however for everybody leader.', '2025-06-20 05:25:01');
INSERT INTO messages (id, channel_id, author_id, content, created_at) VALUES (212, 81, 12, 'Skill performance mission information increase challenge onto.', '2024-11-19 11:04:06');
INSERT INTO messages (id, channel_id, author_id, content, created_at) VALUES (213, 27, 49, 'Understand none big experience movie gas improve him magazine participant.', '2025-11-09 02:51:59');
INSERT INTO messages (id, channel_id, author_id, content, created_at) VALUES (214, 13, 11, 'Common idea peace race I how.', '2025-06-21 11:06:47');
INSERT INTO messages (id, channel_id, author_id, content, created_at) VALUES (215, 54, 25, 'Real any little environmental head full soldier.', '2025-09-16 09:06:02');
INSERT INTO messages (id, channel_id, author_id, content, created_at) VALUES (216, 90, 33, 'Exactly man receive better than care wind kitchen stay especially indicate population could.', '2024-12-04 05:36:41');
INSERT INTO messages (id, channel_id, author_id, content, created_at) VALUES (217, 15, 15, 'Tree imagine machine might.', '2025-03-25 15:40:44');
INSERT INTO messages (id, channel_id, author_id, content, created_at) VALUES (218, 79, 50, 'Start middle city find medical career surface these ahead cover strategy student economic.', '2024-11-24 21:15:20');
INSERT INTO messages (id, channel_id, author_id, content, created_at) VALUES (219, 85, 51, 'Anything growth current happy less however type race drop major land whether listen necessary general study else store bed agree.', '2025-05-22 21:52:48');
INSERT INTO messages (id, channel_id, author_id, content, created_at) VALUES (220, 30, 36, 'Clear occur who tax positive question especially important after.', '2025-04-30 02:14:20');
INSERT INTO messages (id, channel_id, author_id, content, created_at) VALUES (221, 23, 6, 'Listen car community song difference part wall.', '2025-09-19 07:32:16');
INSERT INTO messages (id, channel_id, author_id, content, created_at) VALUES (222, 26, 6, 'Interest heavy give edge level quality station however bill memory.', '2025-01-12 06:34:04');
INSERT INTO messages (id, channel_id, author_id, content, created_at) VALUES (223, 51, 48, 'No order executive range loss from everybody foot everybody prevent weight prepare could military drive arm.', '2025-03-16 08:46:46');
INSERT INTO messages (id, channel_id, author_id, content, created_at) VALUES (224, 42, 6, 'Identify floor cause agent.', '2025-03-13 02:23:07');
INSERT INTO messages (id, channel_id, author_id, content, created_at) VALUES (225, 62, 49, 'Young else industry home along remain occur couple risk develop movement size trade.', '2024-12-23 01:59:25');
INSERT INTO messages (id, channel_id, author_id, content, created_at) VALUES (226, 18, 12, 'Medical suddenly subject theory Congress best campaign else space several consumer quite friend become great season.', '2025-05-06 16:39:02');
INSERT INTO messages (id, channel_id, author_id, content, created_at) VALUES (227, 71, 7, 'Inside thought.', '2024-12-18 04:25:57');
INSERT INTO messages (id, channel_id, author_id, content, created_at) VALUES (228, 42, 39, 'End family surface like term on want author threat matter test high fear.', '2025-10-14 19:33:40');
INSERT INTO messages (id, channel_id, author_id, content, created_at) VALUES (229, 49, 19, 'That character yeah garden would throughout would century television Congress.', '2025-04-12 23:40:41');
INSERT INTO messages (id, channel_id, author_id, content, created_at) VALUES (230, 12, 37, 'Maintain piece computer play above event seven collection share majority shake because pass.', '2025-01-18 05:45:06');
INSERT INTO messages (id, channel_id, author_id, content, created_at) VALUES (231, 87, 11, 'Idea whole himself also current health add.', '2025-02-25 19:37:51');
INSERT INTO messages (id, channel_id, author_id, content, created_at) VALUES (232, 37, 32, 'Series most adult above safe difficult theory.', '2024-12-07 22:49:01');
INSERT INTO messages (id, channel_id, author_id, content, created_at) VALUES (233, 23, 18, 'Can himself open cold statement fear fact road others full thousand yet garden top grow.', '2025-03-09 19:01:04');
INSERT INTO messages (id, channel_id, author_id, content, created_at) VALUES (234, 58, 24, 'Close trade speech affect difference world deep against mean.', '2025-02-17 03:30:37');
INSERT INTO messages (id, channel_id, author_id, content, created_at) VALUES (235, 96, 39, 'Hand practice also theory eight movement.', '2025-05-10 04:42:15');
INSERT INTO messages (id, channel_id, author_id, content, created_at) VALUES (236, 11, 20, 'Phone.', '2025-04-16 01:14:27');
INSERT INTO messages (id, channel_id, author_id, content, created_at) VALUES (237, 47, 52, 'Product president after ready indicate herself natural listen.', '2025-05-03 08:17:58');
INSERT INTO messages (id, channel_id, author_id, content, created_at) VALUES (238, 47, 53, 'Day rate act inside big.', '2025-03-10 01:23:03');
INSERT INTO messages (id, channel_id, author_id, content, created_at) VALUES (239, 44, 31, 'Establish paper case store bit responsibility brother box blood cup current enjoy mission cut region far.', '2025-01-21 08:49:25');
INSERT INTO messages (id, channel_id, author_id, content, created_at) VALUES (240, 54, 19, 'Nature travel read lose doctor actually become book off management we.', '2025-06-25 00:42:30');
INSERT INTO messages (id, channel_id, author_id, content, created_at) VALUES (241, 30, 25, 'Avoid rich toward popular lead with enough anyone spend them system growth quality.', '2025-09-26 11:24:17');
INSERT INTO messages (id, channel_id, author_id, content, created_at) VALUES (242, 54, 8, 'School believe serve animal system professional color group just perform.', '2025-07-01 09:04:49');
INSERT INTO messages (id, channel_id, author_id, content, created_at) VALUES (243, 67, 44, 'Head garden box hundred lead structure ready long instead though coach car risk word.', '2024-11-23 20:00:02');
INSERT INTO messages (id, channel_id, author_id, content, created_at) VALUES (244, 96, 46, 'Billion treat lot notice just particularly single.', '2025-05-02 15:49:14');
INSERT INTO messages (id, channel_id, author_id, content, created_at) VALUES (245, 34, 53, 'Agreement range stuff wind candidate turn both in animal energy fire relate question should office north within prove full mission red believe.', '2025-08-01 17:43:50');
INSERT INTO messages (id, channel_id, author_id, content, created_at) VALUES (246, 59, 41, 'Loss professional political chance step throughout party activity various measure.', '2025-02-15 08:55:30');
INSERT INTO messages (id, channel_id, author_id, content, created_at) VALUES (247, 35, 46, 'System thank avoid man drive wife anyone development poor idea dog learn soon large task language budget market president.', '2025-09-15 19:51:10');
INSERT INTO messages (id, channel_id, author_id, content, created_at) VALUES (248, 50, 29, 'Idea along near stay social white point three none pressure lay future stay.', '2025-06-27 12:01:55');
INSERT INTO messages (id, channel_id, author_id, content, created_at) VALUES (249, 55, 35, 'Such forward should.', '2025-09-16 11:10:39');
INSERT INTO messages (id, channel_id, author_id, content, created_at) VALUES (250, 42, 7, 'List price respond box service develop game stop who factor miss reduce animal.', '2025-07-26 18:24:57');
INSERT INTO messages (id, channel_id, author_id, content, created_at) VALUES (251, 86, 11, 'Manage state score.', '2025-06-20 02:43:04');
INSERT INTO messages (id, channel_id, author_id, content, created_at) VALUES (252, 87, 49, 'Blood particularly could us hotel lead sit response blue increase unit study open sign.', '2025-09-18 14:32:09');
INSERT INTO messages (id, channel_id, author_id, content, created_at) VALUES (253, 50, 1, 'Leader operation mean white above save network.', '2025-02-21 20:44:27');
INSERT INTO messages (id, channel_id, author_id, content, created_at) VALUES (254, 28, 29, 'Stuff lot meet TV concern official room campaign hold over third mean his woman trouble several.', '2025-04-14 06:45:32');
INSERT INTO messages (id, channel_id, author_id, content, created_at) VALUES (255, 59, 23, 'Huge garden.', '2025-05-19 20:52:37');
INSERT INTO messages (id, channel_id, author_id, content, created_at) VALUES (256, 13, 27, 'Laugh card include record.', '2024-12-28 10:58:08');
INSERT INTO messages (id, channel_id, author_id, content, created_at) VALUES (257, 91, 23, 'Federal reduce team Republican very plan cut person fact generation public wonder practice when mean.', '2025-03-26 14:44:15');
INSERT INTO messages (id, channel_id, author_id, content, created_at) VALUES (258, 60, 34, 'Report set no old wall report purpose throw move there institution actually blood herself apply argue environment size.', '2025-03-28 15:31:06');
INSERT INTO messages (id, channel_id, author_id, content, created_at) VALUES (259, 58, 29, 'Raise chair artist six daughter must grow laugh pattern push no difference positive home memory someone.', '2025-03-17 05:34:34');
INSERT INTO messages (id, channel_id, author_id, content, created_at) VALUES (260, 13, 3, 'Realize another high indicate small.', '2024-11-22 03:37:58');
INSERT INTO messages (id, channel_id, author_id, content, created_at) VALUES (261, 42, 44, 'Whole approach season data than team kitchen difficult.', '2025-11-09 12:37:47');
INSERT INTO messages (id, channel_id, author_id, content, created_at) VALUES (262, 92, 34, 'Sense national owner simply who family concern radio.', '2025-06-15 17:18:04');
INSERT INTO messages (id, channel_id, author_id, content, created_at) VALUES (263, 22, 36, 'While same budget American evidence enough claim suffer accept letter visit always up.', '2025-05-11 19:46:52');
INSERT INTO messages (id, channel_id, author_id, content, created_at) VALUES (264, 31, 41, 'Anything usually past product make of group six fish detail.', '2025-01-24 18:22:35');
INSERT INTO messages (id, channel_id, author_id, content, created_at) VALUES (265, 87, 26, 'Minute skill.', '2025-08-26 18:04:55');
INSERT INTO messages (id, channel_id, author_id, content, created_at) VALUES (266, 76, 29, 'Indeed Mr begin determine degree forward guess despite sell most you statement.', '2025-04-13 09:20:11');
INSERT INTO messages (id, channel_id, author_id, content, created_at) VALUES (267, 4, 14, 'Boy generation drive politics truth during.', '2025-09-01 13:18:22');
INSERT INTO messages (id, channel_id, author_id, content, created_at) VALUES (268, 90, 37, 'Radio fly trouble.', '2025-09-19 21:01:35');
INSERT INTO messages (id, channel_id, author_id, content, created_at) VALUES (269, 67, 24, 'History music executive treat state heart sort knowledge analysis.', '2025-01-28 21:59:23');
INSERT INTO messages (id, channel_id, author_id, content, created_at) VALUES (270, 58, 17, 'Fly bank benefit will significant mouth phone decision picture defense rate structure day stock these.', '2025-06-06 07:47:05');
INSERT INTO messages (id, channel_id, author_id, content, created_at) VALUES (271, 86, 39, 'Position vote section child learn forward beautiful approach some newspaper offer direction else hold picture item admit.', '2025-07-08 18:55:54');
INSERT INTO messages (id, channel_id, author_id, content, created_at) VALUES (272, 50, 23, 'Movement political peace series one red authority up blood skin.', '2025-10-07 17:55:17');
INSERT INTO messages (id, channel_id, author_id, content, created_at) VALUES (273, 59, 53, 'Paper example unit high state air choose detail section someone support.', '2025-11-05 03:52:00');
INSERT INTO messages (id, channel_id, author_id, content, created_at) VALUES (274, 74, 44, 'Whether century quality trial some role.', '2025-03-15 00:13:37');
INSERT INTO messages (id, channel_id, author_id, content, created_at) VALUES (275, 12, 20, 'Whatever action themselves center among of.', '2025-01-23 11:13:22');
INSERT INTO messages (id, channel_id, author_id, content, created_at) VALUES (276, 43, 33, 'Mr water fight security tough gas include position mention claim determine strong create consider son system.', '2025-04-24 19:23:43');
INSERT INTO messages (id, channel_id, author_id, content, created_at) VALUES (277, 75, 37, 'Leave near fact attack better rise maintain former campaign pretty beyond people too fish late pattern figure once not.', '2025-04-26 16:07:54');
INSERT INTO messages (id, channel_id, author_id, content, created_at) VALUES (278, 24, 41, 'Space when collection finish size Republican political everybody growth quickly former lose knowledge simple main board population bank exactly step through.', '2025-08-09 16:23:15');
INSERT INTO messages (id, channel_id, author_id, content, created_at) VALUES (279, 83, 36, 'Enjoy though baby away affect medical.', '2025-05-22 12:55:08');
INSERT INTO messages (id, channel_id, author_id, content, created_at) VALUES (280, 35, 12, 'Spend often shoulder defense already end thus music.', '2025-10-06 08:59:43');
INSERT INTO messages (id, channel_id, author_id, content, created_at) VALUES (281, 57, 56, 'Hand development sign run fact let member however maybe production summer.', '2024-11-17 02:26:54');
INSERT INTO messages (id, channel_id, author_id, content, created_at) VALUES (282, 59, 13, 'Range serious cell city not not the certainly rule voice American seven discussion enough doctor protect military social hold truth.', '2025-06-19 11:26:55');
INSERT INTO messages (id, channel_id, author_id, content, created_at) VALUES (283, 72, 27, 'Always possible billion why plant event score official now heavy her.', '2025-04-23 19:04:51');
INSERT INTO messages (id, channel_id, author_id, content, created_at) VALUES (284, 96, 32, 'President structure might heavy trade might good test main lot.', '2024-12-15 11:40:13');
INSERT INTO messages (id, channel_id, author_id, content, created_at) VALUES (285, 73, 51, 'According think key discover method exactly change church own stage produce increase form.', '2025-03-06 19:35:59');
INSERT INTO messages (id, channel_id, author_id, content, created_at) VALUES (286, 5, 15, 'Loss long decision claim street against amount of claim picture always occur argue election.', '2025-03-05 11:43:36');
INSERT INTO messages (id, channel_id, author_id, content, created_at) VALUES (287, 24, 37, 'Might if wide point these road start water describe paper likely loss detail improve.', '2025-06-14 20:56:37');
INSERT INTO messages (id, channel_id, author_id, content, created_at) VALUES (288, 66, 37, 'Some star consider process.', '2025-02-25 10:01:48');
INSERT INTO messages (id, channel_id, author_id, content, created_at) VALUES (289, 70, 35, 'Cold rate two.', '2025-09-04 12:52:34');
INSERT INTO messages (id, channel_id, author_id, content, created_at) VALUES (290, 96, 35, 'Opportunity discover history board dark teacher mean information change benefit live pass.', '2025-04-27 11:51:12');
INSERT INTO messages (id, channel_id, author_id, content, created_at) VALUES (291, 12, 20, 'There mother.', '2025-05-07 00:56:01');
INSERT INTO messages (id, channel_id, author_id, content, created_at) VALUES (292, 38, 56, 'Behavior process top.', '2025-05-02 21:33:09');
INSERT INTO messages (id, channel_id, author_id, content, created_at) VALUES (293, 12, 14, 'Still to simple power miss have analysis morning director sort smile high open scientist seven recent best care.', '2025-10-13 18:40:47');
INSERT INTO messages (id, channel_id, author_id, content, created_at) VALUES (294, 95, 11, 'She travel base our myself election accept season.', '2025-09-14 04:27:00');
INSERT INTO messages (id, channel_id, author_id, content, created_at) VALUES (295, 28, 52, 'Official brother.', '2025-06-22 18:36:08');
INSERT INTO messages (id, channel_id, author_id, content, created_at) VALUES (296, 45, 39, 'Heart day sound impact blood international one end movie north partner yeah.', '2025-01-17 18:30:54');
INSERT INTO messages (id, channel_id, author_id, content, created_at) VALUES (297, 45, 19, 'Sense including six lot have never effect fill general relationship save talk.', '2025-10-12 14:25:15');
INSERT INTO messages (id, channel_id, author_id, content, created_at) VALUES (298, 66, 9, 'Security land record class Democrat hundred full nearly recent religious claim who.', '2025-11-05 04:40:10');
INSERT INTO messages (id, channel_id, author_id, content, created_at) VALUES (299, 5, 56, 'Source statement likely outside.', '2025-08-12 18:53:36');
INSERT INTO messages (id, channel_id, author_id, content, created_at) VALUES (300, 20, 10, 'Ask develop bag also his worker pass minute represent.', '2025-10-01 03:08:04');
INSERT INTO messages (id, channel_id, author_id, content, created_at) VALUES (301, 31, 32, 'Arm similar compare manager action sure us million crime.', '2025-06-25 15:07:13');
INSERT INTO messages (id, channel_id, author_id, content, created_at) VALUES (302, 85, 41, 'Member recognize past purpose growth pretty wish beautiful every human prove if customer address region try near risk next on girl.', '2025-04-08 01:59:02');
INSERT INTO messages (id, channel_id, author_id, content, created_at) VALUES (303, 58, 41, 'Difficult white lawyer identify.', '2025-04-18 19:57:56');
INSERT INTO messages (id, channel_id, author_id, content, created_at) VALUES (304, 69, 45, 'End imagine blood authority family water sort what.', '2025-05-08 23:11:42');
INSERT INTO messages (id, channel_id, author_id, content, created_at) VALUES (305, 62, 38, 'Spend offer reason.', '2025-10-16 19:55:54');
INSERT INTO messages (id, channel_id, author_id, content, created_at) VALUES (306, 90, 47, 'None show serious which learn leave only agree break attack plant yes quality discover firm western might act.', '2025-07-17 22:16:01');
INSERT INTO messages (id, channel_id, author_id, content, created_at) VALUES (307, 86, 55, 'Eat behavior purpose start.', '2025-09-18 09:22:48');
INSERT INTO messages (id, channel_id, author_id, content, created_at) VALUES (308, 71, 14, 'Never condition finish despite off consumer second us couple say dog.', '2025-09-29 17:15:42');
INSERT INTO messages (id, channel_id, author_id, content, created_at) VALUES (309, 32, 18, 'Their deal dark economic peace choose blood turn put professional pass.', '2025-10-01 01:50:47');
INSERT INTO messages (id, channel_id, author_id, content, created_at) VALUES (310, 38, 36, 'When summer he firm together thing off ever consumer.', '2025-06-21 05:57:04');
INSERT INTO messages (id, channel_id, author_id, content, created_at) VALUES (311, 62, 58, 'Exactly develop office approach son.', '2024-12-01 05:20:36');
INSERT INTO messages (id, channel_id, author_id, content, created_at) VALUES (312, 16, 2, 'Vote allow girl team simply lead build.', '2025-11-09 08:04:00');
INSERT INTO messages (id, channel_id, author_id, content, created_at) VALUES (313, 24, 30, 'Least ready activity.', '2025-04-28 12:30:10');
INSERT INTO messages (id, channel_id, author_id, content, created_at) VALUES (314, 27, 57, 'Here beyond gun technology cost enjoy especially when gas contain.', '2025-01-14 02:54:06');
INSERT INTO messages (id, channel_id, author_id, content, created_at) VALUES (315, 34, 42, 'Decision red head take evidence conference capital office direction between establish dog it herself certainly.', '2025-02-18 14:55:18');
INSERT INTO messages (id, channel_id, author_id, content, created_at) VALUES (316, 14, 43, 'List act instead care throw piece.', '2024-12-03 11:49:00');
INSERT INTO messages (id, channel_id, author_id, content, created_at) VALUES (317, 53, 47, 'Result size feel no nothing huge real art sport live picture last.', '2025-04-29 01:50:48');
INSERT INTO messages (id, channel_id, author_id, content, created_at) VALUES (318, 82, 46, 'Employee growth newspaper special general in.', '2024-11-13 19:14:58');
INSERT INTO messages (id, channel_id, author_id, content, created_at) VALUES (319, 32, 5, 'Test white current office power company sister.', '2025-07-01 22:37:06');
INSERT INTO messages (id, channel_id, author_id, content, created_at) VALUES (320, 32, 1, 'Foot member simple.', '2025-08-10 12:33:33');
INSERT INTO messages (id, channel_id, author_id, content, created_at) VALUES (321, 42, 56, 'Threat high expert place certain cold space front piece occur support author class direction first fact environment popular.', '2025-08-09 21:57:44');
INSERT INTO messages (id, channel_id, author_id, content, created_at) VALUES (322, 24, 5, 'Thought sit voice security minute late cold take by.', '2025-04-11 03:35:41');
INSERT INTO messages (id, channel_id, author_id, content, created_at) VALUES (323, 10, 7, 'Product wait red bag cold billion as these nature ago however.', '2025-04-05 03:02:51');
INSERT INTO messages (id, channel_id, author_id, content, created_at) VALUES (324, 35, 25, 'Billion peace base use.', '2025-07-20 13:02:51');
INSERT INTO messages (id, channel_id, author_id, content, created_at) VALUES (325, 83, 5, 'Finally easy exist phone capital stuff agreement professional team foot live window music evening know wide recently computer our piece.', '2025-06-20 03:22:44');
INSERT INTO messages (id, channel_id, author_id, content, created_at) VALUES (326, 3, 29, 'Itself policy move training loss dinner become film include choose action model serve carry expert movement reach man.', '2025-08-20 22:40:44');
INSERT INTO messages (id, channel_id, author_id, content, created_at) VALUES (327, 27, 59, 'Federal she something others someone nature country think join economic resource position stock determine bad personal might son party.', '2025-07-10 15:22:08');
INSERT INTO messages (id, channel_id, author_id, content, created_at) VALUES (328, 88, 56, 'Expect sea speak include table consumer face PM.', '2024-12-17 01:06:55');
INSERT INTO messages (id, channel_id, author_id, content, created_at) VALUES (329, 11, 49, 'Laugh red man fly charge wide against win.', '2025-06-30 08:21:05');
INSERT INTO messages (id, channel_id, author_id, content, created_at) VALUES (330, 95, 23, 'Especially resource road do character management game find son your less social form such weight.', '2025-03-15 12:30:39');
INSERT INTO messages (id, channel_id, author_id, content, created_at) VALUES (331, 20, 18, 'Entire hotel myself.', '2025-02-17 18:12:31');
INSERT INTO messages (id, channel_id, author_id, content, created_at) VALUES (332, 69, 50, 'Court success.', '2025-10-08 16:03:05');
INSERT INTO messages (id, channel_id, author_id, content, created_at) VALUES (333, 85, 14, 'Stock business should eat side kitchen scene almost leave side miss word list race fine follow pick among visit minute.', '2025-07-07 02:05:34');
INSERT INTO messages (id, channel_id, author_id, content, created_at) VALUES (334, 68, 48, 'Loss federal growth appear project wind door its address some once how during.', '2025-03-08 03:46:33');
INSERT INTO messages (id, channel_id, author_id, content, created_at) VALUES (335, 81, 51, 'Ok real read choice side eat.', '2025-05-24 13:48:44');
INSERT INTO messages (id, channel_id, author_id, content, created_at) VALUES (336, 50, 16, 'Before peace us young personal art popular red social call discussion word small series south just cover ready group care together magazine.', '2025-07-19 04:28:58');
INSERT INTO messages (id, channel_id, author_id, content, created_at) VALUES (337, 74, 34, 'Next my majority.', '2025-04-02 14:48:13');
INSERT INTO messages (id, channel_id, author_id, content, created_at) VALUES (338, 43, 25, 'Cost girl run every story trial never attention choice fast enjoy happen a point here control affect task simply draw return.', '2025-04-04 07:00:55');
INSERT INTO messages (id, channel_id, author_id, content, created_at) VALUES (339, 67, 49, 'Standard couple raise she child executive important focus benefit probably analysis visit condition all blood court all politics home majority perhaps opportunity any.', '2025-09-08 13:27:56');
INSERT INTO messages (id, channel_id, author_id, content, created_at) VALUES (340, 9, 38, 'Paper audience us decade.', '2024-11-18 17:41:18');
INSERT INTO messages (id, channel_id, author_id, content, created_at) VALUES (341, 36, 3, 'Up story life police.', '2025-09-15 21:50:25');
INSERT INTO messages (id, channel_id, author_id, content, created_at) VALUES (342, 53, 41, 'Newspaper voice indeed hard remain statement entire American audience fight war whether best rise mother country moment eat personal condition.', '2025-09-07 07:06:28');
INSERT INTO messages (id, channel_id, author_id, content, created_at) VALUES (343, 55, 45, 'Indeed black police group learn professor third coach Congress husband front citizen your kitchen good firm yard foot he.', '2024-12-15 09:24:26');
INSERT INTO messages (id, channel_id, author_id, content, created_at) VALUES (344, 83, 18, 'Step food drive nation heart.', '2025-03-13 17:39:57');
INSERT INTO messages (id, channel_id, author_id, content, created_at) VALUES (345, 12, 52, 'Unit effect which language however risk work other military.', '2025-06-09 16:38:35');
INSERT INTO messages (id, channel_id, author_id, content, created_at) VALUES (346, 47, 38, 'According worker Democrat fire.', '2025-03-13 20:06:49');
INSERT INTO messages (id, channel_id, author_id, content, created_at) VALUES (347, 95, 47, 'Try memory number occur behind leave choose enter threat.', '2024-12-05 20:50:49');
INSERT INTO messages (id, channel_id, author_id, content, created_at) VALUES (348, 26, 60, 'Do specific begin hundred truth safe rich society common stay ready office traditional organization.', '2024-12-28 10:11:51');
INSERT INTO messages (id, channel_id, author_id, content, created_at) VALUES (349, 57, 20, 'Also space high sister two free they.', '2024-12-29 18:24:50');
INSERT INTO messages (id, channel_id, author_id, content, created_at) VALUES (350, 3, 45, 'Indicate test thank.', '2025-01-16 00:09:18');
INSERT INTO messages (id, channel_id, author_id, content, created_at) VALUES (351, 62, 34, 'Section support up plant place approach modern floor north force recently check purpose young wife send.', '2025-09-13 11:05:35');
INSERT INTO messages (id, channel_id, author_id, content, created_at) VALUES (352, 93, 11, 'Measure develop face hour car bar number any human be maybe similar candidate care nice maintain present cultural.', '2025-01-01 16:12:12');
INSERT INTO messages (id, channel_id, author_id, content, created_at) VALUES (353, 93, 47, 'Young modern drug entire involve range office both.', '2025-09-08 23:22:33');
INSERT INTO messages (id, channel_id, author_id, content, created_at) VALUES (354, 6, 52, 'Interest give fly order agency fight write pattern wrong kind certainly and stand current health serious table.', '2025-02-27 00:10:02');
INSERT INTO messages (id, channel_id, author_id, content, created_at) VALUES (355, 66, 17, 'Science drug per.', '2025-05-25 01:33:17');
INSERT INTO messages (id, channel_id, author_id, content, created_at) VALUES (356, 62, 4, 'Than star add really born late age decade Mrs data model else low role.', '2025-10-13 02:56:17');
INSERT INTO messages (id, channel_id, author_id, content, created_at) VALUES (357, 75, 24, 'Reason property heavy town money eight.', '2025-02-20 10:58:43');
INSERT INTO messages (id, channel_id, author_id, content, created_at) VALUES (358, 10, 15, 'Exist smile peace apply pressure across home even system process ten affect.', '2024-11-14 09:03:52');
INSERT INTO messages (id, channel_id, author_id, content, created_at) VALUES (359, 1, 16, 'Discuss herself with between.', '2025-05-15 14:17:20');
INSERT INTO messages (id, channel_id, author_id, content, created_at) VALUES (360, 47, 59, 'Machine others because current whom night Republican.', '2025-01-21 21:09:40');
INSERT INTO messages (id, channel_id, author_id, content, created_at) VALUES (361, 7, 15, 'Easy morning four hotel church get goal personal.', '2025-02-17 19:06:18');
INSERT INTO messages (id, channel_id, author_id, content, created_at) VALUES (362, 54, 18, 'You without every artist.', '2025-06-23 08:13:32');
INSERT INTO messages (id, channel_id, author_id, content, created_at) VALUES (363, 42, 33, 'These three spring.', '2025-01-22 00:44:05');
INSERT INTO messages (id, channel_id, author_id, content, created_at) VALUES (364, 25, 26, 'Want we difficult.', '2025-10-19 23:16:30');
INSERT INTO messages (id, channel_id, author_id, content, created_at) VALUES (365, 61, 50, 'Today prevent because him whether partner personal dinner drive check wife travel.', '2025-03-20 11:47:24');
INSERT INTO messages (id, channel_id, author_id, content, created_at) VALUES (366, 16, 1, 'Last capital present ok range dark catch read together travel involve training show prevent.', '2025-01-30 07:30:54');
INSERT INTO messages (id, channel_id, author_id, content, created_at) VALUES (367, 37, 48, 'True fish newspaper we brother fish they risk she they increase in kitchen.', '2025-05-12 13:14:04');
INSERT INTO messages (id, channel_id, author_id, content, created_at) VALUES (368, 48, 50, 'Charge could capital ago worry pay paper partner.', '2025-08-24 20:10:39');
INSERT INTO messages (id, channel_id, author_id, content, created_at) VALUES (369, 68, 10, 'Discussion reach grow read.', '2025-11-10 11:41:57');
INSERT INTO messages (id, channel_id, author_id, content, created_at) VALUES (370, 49, 15, 'Care suffer light power contain hold listen clearly difficult impact why understand wear development provide dark daughter computer western keep pay reach term thought.', '2025-03-27 22:01:38');
INSERT INTO messages (id, channel_id, author_id, content, created_at) VALUES (371, 81, 22, 'If among save.', '2025-09-04 02:51:24');
INSERT INTO messages (id, channel_id, author_id, content, created_at) VALUES (372, 87, 55, 'Result hour voice occur movie political region although body lead there there.', '2024-12-23 17:59:58');
INSERT INTO messages (id, channel_id, author_id, content, created_at) VALUES (373, 28, 27, 'Million how same newspaper might piece any fact huge fight still leave institution party approach might.', '2024-12-06 15:23:13');
INSERT INTO messages (id, channel_id, author_id, content, created_at) VALUES (374, 21, 6, 'Less position bed.', '2025-11-06 04:01:27');
INSERT INTO messages (id, channel_id, author_id, content, created_at) VALUES (375, 31, 45, 'Both single visit receive career including late condition opportunity Republican dark lawyer economic reality trade someone responsibility.', '2025-05-10 10:15:46');
INSERT INTO messages (id, channel_id, author_id, content, created_at) VALUES (376, 90, 38, 'Before relationship plant be.', '2025-05-28 16:03:09');
INSERT INTO messages (id, channel_id, author_id, content, created_at) VALUES (377, 23, 5, 'Risk window partner civil.', '2025-05-01 07:27:31');
INSERT INTO messages (id, channel_id, author_id, content, created_at) VALUES (378, 83, 16, 'Herself should treatment not process change than condition Republican information finally shoulder land phone brother.', '2025-02-22 17:44:10');
INSERT INTO messages (id, channel_id, author_id, content, created_at) VALUES (379, 47, 45, 'Whether about she activity marriage material space part management.', '2025-03-16 21:38:14');
INSERT INTO messages (id, channel_id, author_id, content, created_at) VALUES (380, 61, 15, 'Open little improve bag.', '2025-01-31 02:32:35');
INSERT INTO messages (id, channel_id, author_id, content, created_at) VALUES (381, 18, 10, 'According think everything pick star debate continue area.', '2025-01-16 05:12:37');
INSERT INTO messages (id, channel_id, author_id, content, created_at) VALUES (382, 64, 21, 'Already take project study fear turn any indicate condition public particularly reality organization skin concern lay.', '2024-12-30 06:28:20');
INSERT INTO messages (id, channel_id, author_id, content, created_at) VALUES (383, 70, 50, 'Growth along shoulder follow today star serve successful assume likely business teacher.', '2025-05-07 21:17:48');
INSERT INTO messages (id, channel_id, author_id, content, created_at) VALUES (384, 40, 17, 'Money modern receive partner body role.', '2024-12-18 11:54:29');
INSERT INTO messages (id, channel_id, author_id, content, created_at) VALUES (385, 21, 53, 'More because right painting small.', '2025-02-04 21:15:48');
INSERT INTO messages (id, channel_id, author_id, content, created_at) VALUES (386, 43, 6, 'Interview summer employee offer perhaps until pass market role.', '2025-03-31 12:53:14');
INSERT INTO messages (id, channel_id, author_id, content, created_at) VALUES (387, 49, 44, 'Manage conference participant remember without ability agency personal brother summer son yourself increase free.', '2025-02-22 10:03:16');
INSERT INTO messages (id, channel_id, author_id, content, created_at) VALUES (388, 17, 26, 'South defense political real effort attack feel nearly short box four how notice whether story create street two look listen along career.', '2025-06-17 06:59:20');
INSERT INTO messages (id, channel_id, author_id, content, created_at) VALUES (389, 92, 7, 'Physical throughout Mr friend six including sea strong federal right firm movie decade.', '2024-12-22 22:58:11');
INSERT INTO messages (id, channel_id, author_id, content, created_at) VALUES (390, 18, 1, 'Son thousand government wide.', '2025-10-01 20:45:19');
INSERT INTO messages (id, channel_id, author_id, content, created_at) VALUES (391, 27, 13, 'Subject fund heart move coach paper cost bring site final tax report even beautiful.', '2025-04-06 22:39:01');
INSERT INTO messages (id, channel_id, author_id, content, created_at) VALUES (392, 82, 38, 'He stop few modern company hear also dark begin.', '2025-11-04 16:10:42');
INSERT INTO messages (id, channel_id, author_id, content, created_at) VALUES (393, 9, 5, 'Agent lot matter couple type run model simply century the state.', '2025-10-29 20:59:51');
INSERT INTO messages (id, channel_id, author_id, content, created_at) VALUES (394, 88, 52, 'Quality car right least require mission about usually.', '2024-12-19 02:25:38');
INSERT INTO messages (id, channel_id, author_id, content, created_at) VALUES (395, 42, 3, 'The four threat billion she seat against serve police decide customer expert mother significant provide evening church boy when nice bill my near.', '2024-12-03 01:06:07');
INSERT INTO messages (id, channel_id, author_id, content, created_at) VALUES (396, 23, 53, 'Center region exist each author party full kitchen candidate likely push black approach interview.', '2025-05-25 01:21:27');
INSERT INTO messages (id, channel_id, author_id, content, created_at) VALUES (397, 7, 44, 'Relate through picture real knowledge green forward cup serve speak bad type share.', '2025-01-19 11:48:15');
INSERT INTO messages (id, channel_id, author_id, content, created_at) VALUES (398, 44, 59, 'Capital spend turn life lay range report let discuss difference.', '2025-02-28 04:08:25');
INSERT INTO messages (id, channel_id, author_id, content, created_at) VALUES (399, 40, 57, 'Election guy contain true form team foot maintain assume.', '2024-11-26 20:04:50');
INSERT INTO messages (id, channel_id, author_id, content, created_at) VALUES (400, 76, 42, 'Goal leave color should page camera bill stage.', '2025-05-26 03:07:52');

-- direct_messages
INSERT INTO direct_messages (id, sender_id, receiver_id, content, created_at) VALUES (1, 27, 57, 'For power society mouth husband including per nature wind himself future sport opportunity.', '2025-05-18 10:00:58');
INSERT INTO direct_messages (id, sender_id, receiver_id, content, created_at) VALUES (2, 4, 6, 'Note garden reason community prove school Republican student boy other.', '2025-04-11 03:05:08');
INSERT INTO direct_messages (id, sender_id, receiver_id, content, created_at) VALUES (3, 9, 27, 'Never state computer what attorney board sport.', '2025-07-20 23:04:48');
INSERT INTO direct_messages (id, sender_id, receiver_id, content, created_at) VALUES (4, 57, 52, 'Force population article design catch oil sense special serious produce laugh factor past language day theory feel some.', '2025-02-18 03:20:59');
INSERT INTO direct_messages (id, sender_id, receiver_id, content, created_at) VALUES (5, 41, 52, 'Truth view response trip wrong old particularly member summer system artist too whose a nice without body.', '2025-09-18 01:37:42');
INSERT INTO direct_messages (id, sender_id, receiver_id, content, created_at) VALUES (6, 2, 25, 'Tend dog reduce hour fish him high nation production little could his under style child young prove care author administration return main join wrong.', '2025-08-17 10:13:15');
INSERT INTO direct_messages (id, sender_id, receiver_id, content, created_at) VALUES (7, 23, 31, 'Case south team throw receive us perhaps lawyer interest star his difficult.', '2025-09-12 20:37:39');
INSERT INTO direct_messages (id, sender_id, receiver_id, content, created_at) VALUES (8, 32, 23, 'Painting official suggest door maybe improve national happen within nothing relate both loss real center rule worker worker single let back three because line score whether back plant something fine apply gas sing light.', '2025-06-21 01:22:29');
INSERT INTO direct_messages (id, sender_id, receiver_id, content, created_at) VALUES (9, 33, 21, 'Town off former good within far cold reason our fight size employee picture official of prevent.', '2025-02-26 09:46:03');
INSERT INTO direct_messages (id, sender_id, receiver_id, content, created_at) VALUES (10, 12, 2, 'Speak person expert bar measure surface everyone car exactly tax.', '2025-07-03 06:39:08');
INSERT INTO direct_messages (id, sender_id, receiver_id, content, created_at) VALUES (11, 15, 2, 'Scientist page travel school process have compare site door Congress month almost worker whose other start study.', '2025-09-24 05:17:49');
INSERT INTO direct_messages (id, sender_id, receiver_id, content, created_at) VALUES (12, 50, 18, 'Side draw.', '2025-09-23 10:19:29');
INSERT INTO direct_messages (id, sender_id, receiver_id, content, created_at) VALUES (13, 31, 34, 'Rise cold official success approach enough standard apply less live live way two.', '2025-09-07 04:36:41');
INSERT INTO direct_messages (id, sender_id, receiver_id, content, created_at) VALUES (14, 38, 15, 'Here relationship listen certain that.', '2024-12-22 06:26:38');
INSERT INTO direct_messages (id, sender_id, receiver_id, content, created_at) VALUES (15, 16, 43, 'Eye something high firm.', '2025-02-24 21:20:10');
INSERT INTO direct_messages (id, sender_id, receiver_id, content, created_at) VALUES (16, 35, 53, 'Raise American truth PM what it truth teach friend environment better pressure hospital significant see same open crime front real conference natural pull story activity best billion land detail exist cover agency begin.', '2025-11-04 14:36:08');
INSERT INTO direct_messages (id, sender_id, receiver_id, content, created_at) VALUES (17, 48, 4, 'Prevent structure wear point remain build task candidate prevent tonight not whose to receive education level view police two everybody interview tough show food class available since him four art western enough key man.', '2025-02-06 14:11:19');
INSERT INTO direct_messages (id, sender_id, receiver_id, content, created_at) VALUES (18, 37, 55, 'Particular condition man century shoulder despite poor tree resource billion authority number economy knowledge to chance policy usually professor entire record toward.', '2025-04-13 05:29:05');
INSERT INTO direct_messages (id, sender_id, receiver_id, content, created_at) VALUES (19, 23, 60, 'About remain side long identify road speech audience difficult his ready sister building movement yard four field area young positive half table future subject set face data never whose produce federal hope blood read main.', '2025-10-07 15:09:15');
INSERT INTO direct_messages (id, sender_id, receiver_id, content, created_at) VALUES (20, 12, 16, 'Just country along agent you draw home society poor matter who speech whom administration fund front return if deep president mission vote thank Mr scientist do.', '2025-03-16 21:08:23');
INSERT INTO direct_messages (id, sender_id, receiver_id, content, created_at) VALUES (21, 52, 48, 'Already center president likely truth animal red candidate common anyone film soldier lay color opportunity.', '2025-04-01 17:13:32');
INSERT INTO direct_messages (id, sender_id, receiver_id, content, created_at) VALUES (22, 59, 38, 'Build.', '2025-08-13 13:46:49');
INSERT INTO direct_messages (id, sender_id, receiver_id, content, created_at) VALUES (23, 45, 23, 'Organization past as dark front structure scene I building range national focus who degree animal community as event serious collection have close during.', '2025-06-20 06:19:03');
INSERT INTO direct_messages (id, sender_id, receiver_id, content, created_at) VALUES (24, 10, 37, 'American beyond suggest partner sing administration main according conference.', '2025-10-04 07:42:15');
INSERT INTO direct_messages (id, sender_id, receiver_id, content, created_at) VALUES (25, 52, 57, 'Religious order exist really society live camera central even late dream.', '2025-06-11 22:05:31');
INSERT INTO direct_messages (id, sender_id, receiver_id, content, created_at) VALUES (26, 20, 12, 'Particular also conference matter wear physical site girl above dog brother morning believe.', '2024-11-28 02:58:19');
INSERT INTO direct_messages (id, sender_id, receiver_id, content, created_at) VALUES (27, 6, 4, 'Television would medical less phone decade apply both.', '2025-07-05 01:01:41');
INSERT INTO direct_messages (id, sender_id, receiver_id, content, created_at) VALUES (28, 15, 2, 'Rate why listen computer prove amount population expect itself free source serve analysis.', '2025-05-18 00:18:17');
INSERT INTO direct_messages (id, sender_id, receiver_id, content, created_at) VALUES (29, 1, 22, 'Understand compare size machine break time return or for cup quality for single for better scene thank heart determine.', '2025-07-09 21:16:31');
INSERT INTO direct_messages (id, sender_id, receiver_id, content, created_at) VALUES (30, 13, 52, 'One approach job democratic participant concern.', '2025-03-25 17:13:44');
INSERT INTO direct_messages (id, sender_id, receiver_id, content, created_at) VALUES (31, 46, 12, 'Carry rest place wish dark camera realize arrive carry surface learn commercial gas though page smile point particularly color wife talk beat tax majority yet option student evidence role save east force.', '2025-09-21 00:15:44');
INSERT INTO direct_messages (id, sender_id, receiver_id, content, created_at) VALUES (32, 55, 56, 'Develop until watch trial together individual analysis yard safe mean international hour special recent.', '2024-12-06 12:13:34');
INSERT INTO direct_messages (id, sender_id, receiver_id, content, created_at) VALUES (33, 2, 10, 'Laugh drive next actually rule wear car fast positive before look fight reflect.', '2025-08-14 01:22:13');
INSERT INTO direct_messages (id, sender_id, receiver_id, content, created_at) VALUES (34, 59, 10, 'Section agency lawyer sign them if smile have less plant team audience throw four allow international especially watch my some skin ball thing save area war push thousand book half people half compare.', '2024-12-26 10:58:45');
INSERT INTO direct_messages (id, sender_id, receiver_id, content, created_at) VALUES (35, 55, 34, 'Relate night similar catch friend much power say sell that reflect send set fly today me institution approach health laugh may stop like mother stay tonight later happy pull really within third could this beautiful hospital.', '2025-04-04 02:08:39');
INSERT INTO direct_messages (id, sender_id, receiver_id, content, created_at) VALUES (36, 5, 24, 'Eye what body every recent many themselves minute physical fall wide must car get kitchen popular factor as.', '2025-07-28 12:42:44');
INSERT INTO direct_messages (id, sender_id, receiver_id, content, created_at) VALUES (37, 26, 38, 'Strong mind from.', '2025-03-24 02:06:03');
INSERT INTO direct_messages (id, sender_id, receiver_id, content, created_at) VALUES (38, 20, 21, 'Garden position for order recent success.', '2025-01-13 13:10:01');
INSERT INTO direct_messages (id, sender_id, receiver_id, content, created_at) VALUES (39, 47, 28, 'Leader note together fill smile dinner head explain suddenly chance expect what peace claim movement consider compare remain toward some claim bring year off kid hard day religious program within.', '2025-07-19 15:30:55');
INSERT INTO direct_messages (id, sender_id, receiver_id, content, created_at) VALUES (40, 32, 42, 'Health music class feeling turn identify material certainly.', '2025-01-20 00:48:39');
INSERT INTO direct_messages (id, sender_id, receiver_id, content, created_at) VALUES (41, 46, 36, 'Until choose wife national medical positive far time wide senior yes project son rock two full both look always question bring agent pay detail group for part.', '2025-10-24 20:47:57');
INSERT INTO direct_messages (id, sender_id, receiver_id, content, created_at) VALUES (42, 60, 40, 'On develop very everyone against Mrs knowledge public beautiful memory create fish painting want training guess challenge take hard health expect.', '2025-03-31 22:58:46');
INSERT INTO direct_messages (id, sender_id, receiver_id, content, created_at) VALUES (43, 15, 43, 'Final knowledge night democratic thousand score indeed kind clearly road today rock increase structure our century field write moment.', '2025-09-25 16:23:17');
INSERT INTO direct_messages (id, sender_id, receiver_id, content, created_at) VALUES (44, 12, 25, 'At whether series because important trial increase new report sense.', '2025-08-25 10:27:12');
INSERT INTO direct_messages (id, sender_id, receiver_id, content, created_at) VALUES (45, 45, 19, 'Current strategy face.', '2025-01-21 09:29:08');
INSERT INTO direct_messages (id, sender_id, receiver_id, content, created_at) VALUES (46, 47, 1, 'Amount step strong fight nice less agree able enjoy what strong line president throughout individual man reach each budget everyone yes at seat ok not than physical live.', '2025-06-23 20:19:54');
INSERT INTO direct_messages (id, sender_id, receiver_id, content, created_at) VALUES (47, 26, 55, 'Health run adult employee ok certainly leave really group apply guess player western any factor police baby create.', '2025-06-21 18:26:49');
INSERT INTO direct_messages (id, sender_id, receiver_id, content, created_at) VALUES (48, 3, 12, 'Consumer behind sell myself their step rate feeling rate read benefit oil statement actually million health machine future treat bill choice determine could today party story moment mother.', '2025-03-16 23:07:15');
INSERT INTO direct_messages (id, sender_id, receiver_id, content, created_at) VALUES (49, 59, 52, 'Reduce sort individual trouble bring capital admit give reality catch kind would mission wide common fight season budget campaign reason read film decide wonder interesting several.', '2025-02-07 04:01:02');
INSERT INTO direct_messages (id, sender_id, receiver_id, content, created_at) VALUES (50, 41, 37, 'Back simple.', '2025-11-12 03:41:14');
INSERT INTO direct_messages (id, sender_id, receiver_id, content, created_at) VALUES (51, 32, 10, 'Amount blue soldier message arrive budget education at property senior site turn.', '2025-08-29 20:13:40');
INSERT INTO direct_messages (id, sender_id, receiver_id, content, created_at) VALUES (52, 5, 16, 'Onto customer provide ahead certainly second everyone often goal talk.', '2025-03-17 11:15:15');
INSERT INTO direct_messages (id, sender_id, receiver_id, content, created_at) VALUES (53, 11, 41, 'Drop now between official add describe course example top Mr wind better degree mean remain hand operation keep whatever Congress great here Democrat dinner both world buy book career several relate news American foreign break exist outside find wish know.', '2024-12-17 20:06:38');
INSERT INTO direct_messages (id, sender_id, receiver_id, content, created_at) VALUES (54, 53, 46, 'Imagine world into task thus sort voice happen actually purpose public how mission put budget house reason within scientist throughout collection hair current customer such identify do interesting.', '2025-07-19 13:59:35');
INSERT INTO direct_messages (id, sender_id, receiver_id, content, created_at) VALUES (55, 47, 57, 'Everything require old event smile popular hundred live owner identify machine everything should.', '2025-05-05 20:01:01');
INSERT INTO direct_messages (id, sender_id, receiver_id, content, created_at) VALUES (56, 1, 17, 'Business majority discuss wall ahead.', '2025-02-18 07:00:49');
INSERT INTO direct_messages (id, sender_id, receiver_id, content, created_at) VALUES (57, 45, 5, 'Store marriage ago condition painting force few.', '2025-02-21 01:20:59');
INSERT INTO direct_messages (id, sender_id, receiver_id, content, created_at) VALUES (58, 51, 7, 'Benefit baby seem should society dark product make energy gas teacher national weight all involve trip himself fire heavy least allow news team field relationship man care resource maintain body push process rate.', '2024-11-13 21:03:56');
INSERT INTO direct_messages (id, sender_id, receiver_id, content, created_at) VALUES (59, 4, 25, 'Like no choose argue enjoy opportunity help put short expect article opportunity campaign hand special once she personal herself.', '2025-08-24 21:18:24');
INSERT INTO direct_messages (id, sender_id, receiver_id, content, created_at) VALUES (60, 27, 11, 'Generation group goal product easy possible or travel assume figure front after for leave tell nothing top entire receive onto worry help hope occur space beyond push from me share fund pass guy.', '2025-04-23 04:03:45');
INSERT INTO direct_messages (id, sender_id, receiver_id, content, created_at) VALUES (61, 32, 57, 'Cut player wind away sure degree enter father of source person when response official.', '2025-03-29 18:50:10');
INSERT INTO direct_messages (id, sender_id, receiver_id, content, created_at) VALUES (62, 35, 25, 'Front attack song little decide.', '2025-10-01 06:09:55');
INSERT INTO direct_messages (id, sender_id, receiver_id, content, created_at) VALUES (63, 31, 51, 'Prepare few sound item music customer I person law shake Congress affect reflect television officer defense while score level.', '2025-06-25 20:59:31');
INSERT INTO direct_messages (id, sender_id, receiver_id, content, created_at) VALUES (64, 42, 49, 'Speak table trade various risk art customer leg drive second she such improve team treat plant suffer environment expert civil rather door draw change agree someone financial magazine.', '2025-02-08 23:42:28');
INSERT INTO direct_messages (id, sender_id, receiver_id, content, created_at) VALUES (65, 11, 29, 'Instead town dark.', '2025-09-19 18:09:27');
INSERT INTO direct_messages (id, sender_id, receiver_id, content, created_at) VALUES (66, 55, 3, 'Carry election sound probably compare system white magazine after.', '2024-11-21 04:15:53');
INSERT INTO direct_messages (id, sender_id, receiver_id, content, created_at) VALUES (67, 21, 17, 'Finish fear.', '2024-12-12 04:43:20');
INSERT INTO direct_messages (id, sender_id, receiver_id, content, created_at) VALUES (68, 22, 11, 'Too imagine guy price bed wall right cell born same usually miss stock wear use edge this draw business.', '2025-04-08 04:38:44');
INSERT INTO direct_messages (id, sender_id, receiver_id, content, created_at) VALUES (69, 11, 47, 'Forget once hope.', '2025-06-13 19:57:54');
INSERT INTO direct_messages (id, sender_id, receiver_id, content, created_at) VALUES (70, 58, 6, 'Very design blood degree ever impact television argue mouth.', '2025-07-02 01:53:25');
INSERT INTO direct_messages (id, sender_id, receiver_id, content, created_at) VALUES (71, 40, 58, 'First interest radio white these view guy resource start again whom.', '2025-08-13 23:35:01');
INSERT INTO direct_messages (id, sender_id, receiver_id, content, created_at) VALUES (72, 2, 28, 'Alone science sometimes area true public education his police red total rate movement door kind account whether until truth feeling view series father teacher civil keep first speech.', '2025-01-16 11:00:35');
INSERT INTO direct_messages (id, sender_id, receiver_id, content, created_at) VALUES (73, 39, 57, 'Smile ever bag single man say unit four institution truth beyond civil end at inside.', '2025-01-13 09:26:16');
INSERT INTO direct_messages (id, sender_id, receiver_id, content, created_at) VALUES (74, 4, 7, 'Scene law agree appear political picture social carry husband pick finish bank citizen might.', '2025-02-01 04:59:37');
INSERT INTO direct_messages (id, sender_id, receiver_id, content, created_at) VALUES (75, 13, 27, 'Suggest rate society floor long same end reach step son cup increase consider then war this difference.', '2025-06-16 13:49:35');
INSERT INTO direct_messages (id, sender_id, receiver_id, content, created_at) VALUES (76, 47, 60, 'Type positive phone trade wind cup red collection husband investment employee become happy water.', '2025-06-11 03:27:30');
INSERT INTO direct_messages (id, sender_id, receiver_id, content, created_at) VALUES (77, 17, 43, 'Add moment significant up still management difference.', '2025-03-08 21:05:57');
INSERT INTO direct_messages (id, sender_id, receiver_id, content, created_at) VALUES (78, 16, 7, 'Cut.', '2025-04-14 23:14:18');
INSERT INTO direct_messages (id, sender_id, receiver_id, content, created_at) VALUES (79, 37, 36, 'Explain management candidate task outside yet executive quality industry impact certainly face energy pay traditional hard range leader action card follow realize rather require remain.', '2025-05-23 01:05:38');
INSERT INTO direct_messages (id, sender_id, receiver_id, content, created_at) VALUES (80, 10, 4, 'Eight believe arrive four dog traditional you vote whose our security animal effect people few house.', '2024-11-14 20:41:17');
INSERT INTO direct_messages (id, sender_id, receiver_id, content, created_at) VALUES (81, 28, 6, 'Car throughout American conference college manage fund life bed report.', '2025-09-29 08:24:14');
INSERT INTO direct_messages (id, sender_id, receiver_id, content, created_at) VALUES (82, 43, 41, 'Center bring analysis campaign the strong security unit executive theory party seven enough fine throughout firm yes shake character table price sometimes apply.', '2025-05-18 22:06:34');
INSERT INTO direct_messages (id, sender_id, receiver_id, content, created_at) VALUES (83, 13, 7, 'Arm.', '2025-02-01 18:03:57');
INSERT INTO direct_messages (id, sender_id, receiver_id, content, created_at) VALUES (84, 11, 41, 'Consumer like clear level break time manager kid.', '2024-12-15 04:49:27');
INSERT INTO direct_messages (id, sender_id, receiver_id, content, created_at) VALUES (85, 31, 55, 'Magazine manage suffer term buy.', '2025-03-13 03:11:11');
INSERT INTO direct_messages (id, sender_id, receiver_id, content, created_at) VALUES (86, 51, 26, 'Data exist strong seek state none production defense your above short.', '2025-05-22 07:50:13');
INSERT INTO direct_messages (id, sender_id, receiver_id, content, created_at) VALUES (87, 58, 43, 'Indicate baby should quality thought ago race.', '2024-12-18 18:34:54');
INSERT INTO direct_messages (id, sender_id, receiver_id, content, created_at) VALUES (88, 42, 35, 'Hour opportunity week student child ball store process law.', '2025-01-24 04:20:32');
INSERT INTO direct_messages (id, sender_id, receiver_id, content, created_at) VALUES (89, 24, 57, 'Order accept wide prevent week foot rule same whatever notice deep any.', '2025-04-05 20:11:51');
INSERT INTO direct_messages (id, sender_id, receiver_id, content, created_at) VALUES (90, 12, 29, 'Future.', '2025-02-23 15:13:14');
INSERT INTO direct_messages (id, sender_id, receiver_id, content, created_at) VALUES (91, 29, 30, 'Season natural own begin effort drive.', '2025-02-09 05:51:19');
INSERT INTO direct_messages (id, sender_id, receiver_id, content, created_at) VALUES (92, 54, 18, 'Become system clear single expect sell pressure building make it south financial rate capital program story mention majority those live none.', '2024-12-07 07:38:42');
INSERT INTO direct_messages (id, sender_id, receiver_id, content, created_at) VALUES (93, 10, 49, 'Bed institution happy control piece behavior message wind put positive require us money positive base life bad soon feel worker range feel eat into notice necessary.', '2025-07-30 14:22:53');
INSERT INTO direct_messages (id, sender_id, receiver_id, content, created_at) VALUES (94, 7, 6, 'Message member including let result spend green one shoulder administration scientist leg skill successful.', '2025-03-26 21:29:32');
INSERT INTO direct_messages (id, sender_id, receiver_id, content, created_at) VALUES (95, 52, 35, 'Bar theory fear onto lawyer prove perhaps enter whom.', '2025-09-03 03:48:49');
INSERT INTO direct_messages (id, sender_id, receiver_id, content, created_at) VALUES (96, 38, 15, 'Decision back word else pull its adult house actually pretty least if price season.', '2024-12-07 01:32:02');
INSERT INTO direct_messages (id, sender_id, receiver_id, content, created_at) VALUES (97, 54, 25, 'Field spend pattern real white push source because career course staff receive could agree loss certain drop success teach Mrs beat show challenge instead bring total school knowledge machine after last drug.', '2025-06-04 07:56:39');
INSERT INTO direct_messages (id, sender_id, receiver_id, content, created_at) VALUES (98, 27, 35, 'Notice street anything account piece require woman support say other never fact maintain main opportunity particularly question stage maintain research month.', '2025-10-16 01:09:44');
INSERT INTO direct_messages (id, sender_id, receiver_id, content, created_at) VALUES (99, 60, 31, 'Office network environmental possible threat bring performance position large job claim risk light just medical onto rate two table resource life.', '2025-10-21 18:44:02');
INSERT INTO direct_messages (id, sender_id, receiver_id, content, created_at) VALUES (100, 16, 31, 'Rich hospital indicate wait present growth line wife class.', '2024-12-14 01:02:19');
INSERT INTO direct_messages (id, sender_id, receiver_id, content, created_at) VALUES (101, 26, 58, 'Executive see project can current paper beyond indeed year field decide another adult thing ground city still thus allow as issue pay building difference.', '2025-08-17 18:56:10');
INSERT INTO direct_messages (id, sender_id, receiver_id, content, created_at) VALUES (102, 3, 33, 'Year size show show news to table them page bit anyone watch sometimes while sense window sit.', '2025-10-29 01:58:26');
INSERT INTO direct_messages (id, sender_id, receiver_id, content, created_at) VALUES (103, 34, 52, 'Site water statement among black picture that treat church factor kid media run between positive free case summer keep indeed shoulder early speak game measure be.', '2025-08-03 12:12:26');
INSERT INTO direct_messages (id, sender_id, receiver_id, content, created_at) VALUES (104, 40, 10, 'Resource increase picture early.', '2025-09-03 10:38:06');
INSERT INTO direct_messages (id, sender_id, receiver_id, content, created_at) VALUES (105, 29, 12, 'Instead direction soon including important learn system.', '2025-02-03 16:05:01');
INSERT INTO direct_messages (id, sender_id, receiver_id, content, created_at) VALUES (106, 52, 13, 'Want kind show response military.', '2024-11-29 22:53:33');
INSERT INTO direct_messages (id, sender_id, receiver_id, content, created_at) VALUES (107, 28, 6, 'Be fire word clearly article service produce political total around place require produce mind.', '2025-05-01 11:17:01');
INSERT INTO direct_messages (id, sender_id, receiver_id, content, created_at) VALUES (108, 13, 53, 'Information though red them return finish general still too particular chair identify popular thought person peace kind generation speech possible.', '2025-01-09 19:26:58');
INSERT INTO direct_messages (id, sender_id, receiver_id, content, created_at) VALUES (109, 54, 39, 'Thing base Mr hope rest they minute.', '2025-03-17 13:24:20');
INSERT INTO direct_messages (id, sender_id, receiver_id, content, created_at) VALUES (110, 59, 47, 'Exist behavior necessary miss serious civil agreement someone or drop similar risk would book art health phone great answer prepare by fear say law work south writer not thus physical mouth other go expect size resource public research.', '2025-09-22 22:06:46');
INSERT INTO direct_messages (id, sender_id, receiver_id, content, created_at) VALUES (111, 5, 6, 'Scene black might court sing lawyer chair international include begin interesting candidate Democrat back quality idea.', '2025-06-17 10:48:52');
INSERT INTO direct_messages (id, sender_id, receiver_id, content, created_at) VALUES (112, 26, 36, 'Million house enough material interest key use majority wind statement certain camera represent can.', '2025-10-12 01:26:25');
INSERT INTO direct_messages (id, sender_id, receiver_id, content, created_at) VALUES (113, 18, 34, 'Tell brother defense list second want hard weight own impact building occur American check he yard field magazine.', '2025-11-04 13:41:34');
INSERT INTO direct_messages (id, sender_id, receiver_id, content, created_at) VALUES (114, 56, 1, 'Central operation any thus threat democratic standard major business give that individual of not too sit little result paper seven.', '2025-08-12 09:26:18');
INSERT INTO direct_messages (id, sender_id, receiver_id, content, created_at) VALUES (115, 40, 38, 'Pm seven project chance road become person perhaps hold too fund animal provide kitchen everyone because close agent picture sign final.', '2025-09-12 22:57:46');
INSERT INTO direct_messages (id, sender_id, receiver_id, content, created_at) VALUES (116, 27, 8, 'Popular be western my serious whatever miss seek me affect.', '2025-01-10 11:53:31');
INSERT INTO direct_messages (id, sender_id, receiver_id, content, created_at) VALUES (117, 10, 37, 'Conference affect skill early relationship thought know southern parent I and technology age join increase teacher fish either boy between collection century eight bed.', '2025-06-27 16:04:06');
INSERT INTO direct_messages (id, sender_id, receiver_id, content, created_at) VALUES (118, 49, 7, 'Weight question arrive which consider require fear better central throw election walk tonight appear dream others door meet mean we especially five network assume ahead plant trial affect never.', '2024-12-24 09:42:44');
INSERT INTO direct_messages (id, sender_id, receiver_id, content, created_at) VALUES (119, 37, 50, 'Push east never size fight.', '2025-09-14 12:48:16');
INSERT INTO direct_messages (id, sender_id, receiver_id, content, created_at) VALUES (120, 19, 56, 'Land suffer matter situation central music collection early weight which new among spend which per president cold art two event.', '2025-10-21 04:35:04');

-- reactions
INSERT INTO reactions (id, message_id, user_id, emoji, created_at) VALUES (1, 177, 57, '', '2025-02-23 23:03:22');
INSERT INTO reactions (id, message_id, user_id, emoji, created_at) VALUES (2, 197, 42, '', '2025-06-23 12:46:02');
INSERT INTO reactions (id, message_id, user_id, emoji, created_at) VALUES (3, 312, 31, '', '2025-01-19 06:08:32');
INSERT INTO reactions (id, message_id, user_id, emoji, created_at) VALUES (4, 142, 26, '', '2025-07-11 11:34:50');
INSERT INTO reactions (id, message_id, user_id, emoji, created_at) VALUES (5, 312, 44, '', '2025-04-18 09:25:31');
INSERT INTO reactions (id, message_id, user_id, emoji, created_at) VALUES (6, 20, 26, '', '2025-08-08 13:10:44');
INSERT INTO reactions (id, message_id, user_id, emoji, created_at) VALUES (7, 122, 4, '', '2025-05-16 22:28:44');
INSERT INTO reactions (id, message_id, user_id, emoji, created_at) VALUES (8, 138, 58, '', '2024-11-21 05:42:31');
INSERT INTO reactions (id, message_id, user_id, emoji, created_at) VALUES (9, 173, 53, '', '2025-03-14 03:22:55');
INSERT INTO reactions (id, message_id, user_id, emoji, created_at) VALUES (10, 144, 54, '', '2025-10-12 16:27:08');
INSERT INTO reactions (id, message_id, user_id, emoji, created_at) VALUES (11, 357, 44, '', '2025-10-16 19:51:34');
INSERT INTO reactions (id, message_id, user_id, emoji, created_at) VALUES (12, 117, 9, '', '2025-08-29 05:07:52');
INSERT INTO reactions (id, message_id, user_id, emoji, created_at) VALUES (13, 227, 50, '', '2025-02-26 00:18:02');
INSERT INTO reactions (id, message_id, user_id, emoji, created_at) VALUES (14, 374, 27, '', '2025-07-22 02:07:53');
INSERT INTO reactions (id, message_id, user_id, emoji, created_at) VALUES (15, 46, 13, '', '2025-02-03 11:25:36');
INSERT INTO reactions (id, message_id, user_id, emoji, created_at) VALUES (16, 209, 48, '', '2025-09-04 08:06:54');
INSERT INTO reactions (id, message_id, user_id, emoji, created_at) VALUES (17, 265, 56, '', '2025-09-28 05:33:40');
INSERT INTO reactions (id, message_id, user_id, emoji, created_at) VALUES (18, 29, 33, '', '2024-12-08 20:43:08');
INSERT INTO reactions (id, message_id, user_id, emoji, created_at) VALUES (19, 160, 46, '', '2025-04-19 00:56:47');
INSERT INTO reactions (id, message_id, user_id, emoji, created_at) VALUES (20, 70, 50, '', '2025-10-20 21:05:53');
INSERT INTO reactions (id, message_id, user_id, emoji, created_at) VALUES (21, 292, 2, '', '2025-01-27 05:48:35');
INSERT INTO reactions (id, message_id, user_id, emoji, created_at) VALUES (22, 103, 54, '', '2025-02-18 06:32:32');
INSERT INTO reactions (id, message_id, user_id, emoji, created_at) VALUES (23, 17, 30, '', '2025-11-04 21:47:39');
INSERT INTO reactions (id, message_id, user_id, emoji, created_at) VALUES (24, 185, 46, '', '2025-02-27 18:46:47');
INSERT INTO reactions (id, message_id, user_id, emoji, created_at) VALUES (25, 189, 53, '', '2025-05-28 13:14:36');
INSERT INTO reactions (id, message_id, user_id, emoji, created_at) VALUES (26, 204, 41, '', '2025-08-04 22:07:46');
INSERT INTO reactions (id, message_id, user_id, emoji, created_at) VALUES (27, 16, 16, '', '2025-05-22 04:56:49');
INSERT INTO reactions (id, message_id, user_id, emoji, created_at) VALUES (28, 305, 29, '', '2025-10-17 10:35:35');
INSERT INTO reactions (id, message_id, user_id, emoji, created_at) VALUES (29, 243, 38, '', '2025-03-29 05:07:22');
INSERT INTO reactions (id, message_id, user_id, emoji, created_at) VALUES (30, 177, 11, '', '2025-08-31 05:56:53');
INSERT INTO reactions (id, message_id, user_id, emoji, created_at) VALUES (31, 353, 6, '', '2024-11-24 00:58:53');
INSERT INTO reactions (id, message_id, user_id, emoji, created_at) VALUES (32, 198, 4, '', '2025-10-10 23:18:57');
INSERT INTO reactions (id, message_id, user_id, emoji, created_at) VALUES (33, 293, 50, '', '2025-10-12 05:58:47');
INSERT INTO reactions (id, message_id, user_id, emoji, created_at) VALUES (34, 114, 42, '', '2025-08-03 13:42:07');
INSERT INTO reactions (id, message_id, user_id, emoji, created_at) VALUES (35, 106, 18, '', '2025-04-21 10:00:29');
INSERT INTO reactions (id, message_id, user_id, emoji, created_at) VALUES (36, 263, 2, '', '2024-11-16 20:03:34');
INSERT INTO reactions (id, message_id, user_id, emoji, created_at) VALUES (37, 243, 59, '', '2025-07-22 19:03:52');
INSERT INTO reactions (id, message_id, user_id, emoji, created_at) VALUES (38, 89, 39, '', '2025-02-08 06:48:44');
INSERT INTO reactions (id, message_id, user_id, emoji, created_at) VALUES (39, 130, 39, '', '2025-08-17 04:20:50');
INSERT INTO reactions (id, message_id, user_id, emoji, created_at) VALUES (40, 364, 42, '', '2025-04-26 23:17:24');
INSERT INTO reactions (id, message_id, user_id, emoji, created_at) VALUES (41, 193, 55, '', '2025-05-10 15:17:45');
INSERT INTO reactions (id, message_id, user_id, emoji, created_at) VALUES (42, 130, 14, '', '2025-03-10 17:19:14');
INSERT INTO reactions (id, message_id, user_id, emoji, created_at) VALUES (43, 347, 34, '', '2025-04-16 14:51:15');
INSERT INTO reactions (id, message_id, user_id, emoji, created_at) VALUES (44, 300, 7, '', '2025-05-31 00:46:40');
INSERT INTO reactions (id, message_id, user_id, emoji, created_at) VALUES (45, 340, 54, '', '2025-06-19 10:17:02');
INSERT INTO reactions (id, message_id, user_id, emoji, created_at) VALUES (46, 332, 39, '', '2025-03-03 03:51:50');
INSERT INTO reactions (id, message_id, user_id, emoji, created_at) VALUES (47, 153, 44, '', '2025-05-19 11:15:07');
INSERT INTO reactions (id, message_id, user_id, emoji, created_at) VALUES (48, 33, 22, '', '2025-07-20 03:54:00');
INSERT INTO reactions (id, message_id, user_id, emoji, created_at) VALUES (49, 167, 56, '', '2025-02-22 19:11:24');
INSERT INTO reactions (id, message_id, user_id, emoji, created_at) VALUES (50, 336, 46, '', '2025-03-09 10:03:34');
INSERT INTO reactions (id, message_id, user_id, emoji, created_at) VALUES (51, 97, 10, '', '2025-09-06 15:51:46');
INSERT INTO reactions (id, message_id, user_id, emoji, created_at) VALUES (52, 124, 58, '', '2025-09-22 04:16:28');
INSERT INTO reactions (id, message_id, user_id, emoji, created_at) VALUES (53, 308, 26, '', '2025-03-17 11:52:45');
INSERT INTO reactions (id, message_id, user_id, emoji, created_at) VALUES (54, 349, 9, '', '2024-11-23 06:23:05');
INSERT INTO reactions (id, message_id, user_id, emoji, created_at) VALUES (55, 336, 32, '', '2025-02-22 03:09:09');
INSERT INTO reactions (id, message_id, user_id, emoji, created_at) VALUES (56, 215, 26, '', '2025-08-26 11:57:55');
INSERT INTO reactions (id, message_id, user_id, emoji, created_at) VALUES (57, 19, 38, '', '2025-06-23 12:56:46');
INSERT INTO reactions (id, message_id, user_id, emoji, created_at) VALUES (58, 98, 22, '', '2025-08-17 10:12:29');
INSERT INTO reactions (id, message_id, user_id, emoji, created_at) VALUES (59, 114, 44, '', '2025-07-19 06:38:17');
INSERT INTO reactions (id, message_id, user_id, emoji, created_at) VALUES (60, 244, 59, '', '2025-04-01 14:33:35');
INSERT INTO reactions (id, message_id, user_id, emoji, created_at) VALUES (61, 260, 20, '', '2025-10-05 20:26:41');
INSERT INTO reactions (id, message_id, user_id, emoji, created_at) VALUES (62, 337, 57, '', '2025-01-22 17:25:58');
INSERT INTO reactions (id, message_id, user_id, emoji, created_at) VALUES (63, 151, 7, '', '2025-01-02 01:39:00');
INSERT INTO reactions (id, message_id, user_id, emoji, created_at) VALUES (64, 380, 17, '', '2025-09-23 07:26:07');
INSERT INTO reactions (id, message_id, user_id, emoji, created_at) VALUES (65, 287, 49, '', '2025-08-04 08:30:10');
INSERT INTO reactions (id, message_id, user_id, emoji, created_at) VALUES (66, 172, 42, '', '2025-02-07 16:40:38');
INSERT INTO reactions (id, message_id, user_id, emoji, created_at) VALUES (67, 182, 15, '', '2025-10-17 19:27:41');
INSERT INTO reactions (id, message_id, user_id, emoji, created_at) VALUES (68, 158, 27, '', '2025-04-06 17:27:20');
INSERT INTO reactions (id, message_id, user_id, emoji, created_at) VALUES (69, 134, 38, '', '2025-05-12 11:41:12');
INSERT INTO reactions (id, message_id, user_id, emoji, created_at) VALUES (70, 61, 31, '', '2025-10-15 20:29:45');
INSERT INTO reactions (id, message_id, user_id, emoji, created_at) VALUES (71, 325, 38, '', '2025-07-12 10:02:43');
INSERT INTO reactions (id, message_id, user_id, emoji, created_at) VALUES (72, 37, 31, '', '2025-05-26 17:54:42');
INSERT INTO reactions (id, message_id, user_id, emoji, created_at) VALUES (73, 62, 56, '', '2025-04-10 14:32:21');
INSERT INTO reactions (id, message_id, user_id, emoji, created_at) VALUES (74, 272, 20, '', '2024-12-04 09:01:06');
INSERT INTO reactions (id, message_id, user_id, emoji, created_at) VALUES (75, 78, 9, '', '2025-03-26 11:02:21');
INSERT INTO reactions (id, message_id, user_id, emoji, created_at) VALUES (76, 210, 37, '', '2025-01-08 00:04:13');
INSERT INTO reactions (id, message_id, user_id, emoji, created_at) VALUES (77, 162, 56, '', '2025-01-22 10:10:16');
INSERT INTO reactions (id, message_id, user_id, emoji, created_at) VALUES (78, 399, 6, '', '2025-03-22 13:27:20');
INSERT INTO reactions (id, message_id, user_id, emoji, created_at) VALUES (79, 324, 12, '', '2025-07-17 19:05:00');
INSERT INTO reactions (id, message_id, user_id, emoji, created_at) VALUES (80, 30, 1, '', '2025-02-27 14:35:20');
INSERT INTO reactions (id, message_id, user_id, emoji, created_at) VALUES (81, 108, 49, '', '2025-06-25 04:25:59');
INSERT INTO reactions (id, message_id, user_id, emoji, created_at) VALUES (82, 392, 11, '', '2025-09-14 07:49:13');
INSERT INTO reactions (id, message_id, user_id, emoji, created_at) VALUES (83, 391, 50, '', '2025-01-02 15:16:31');
INSERT INTO reactions (id, message_id, user_id, emoji, created_at) VALUES (84, 315, 28, '', '2025-04-29 03:30:47');
INSERT INTO reactions (id, message_id, user_id, emoji, created_at) VALUES (85, 207, 28, '', '2025-04-11 05:53:32');
INSERT INTO reactions (id, message_id, user_id, emoji, created_at) VALUES (86, 3, 3, '', '2025-01-29 19:47:59');
INSERT INTO reactions (id, message_id, user_id, emoji, created_at) VALUES (87, 375, 24, '', '2025-10-25 19:13:35');
INSERT INTO reactions (id, message_id, user_id, emoji, created_at) VALUES (88, 165, 49, '', '2025-01-26 09:25:41');
INSERT INTO reactions (id, message_id, user_id, emoji, created_at) VALUES (89, 10, 44, '', '2025-07-14 18:16:11');
INSERT INTO reactions (id, message_id, user_id, emoji, created_at) VALUES (90, 376, 16, '', '2025-08-09 17:14:36');
INSERT INTO reactions (id, message_id, user_id, emoji, created_at) VALUES (91, 177, 20, '', '2024-12-23 06:26:04');
INSERT INTO reactions (id, message_id, user_id, emoji, created_at) VALUES (92, 197, 33, '', '2025-03-12 06:19:26');
INSERT INTO reactions (id, message_id, user_id, emoji, created_at) VALUES (93, 86, 5, '', '2025-03-09 04:34:15');
INSERT INTO reactions (id, message_id, user_id, emoji, created_at) VALUES (94, 149, 30, '', '2025-06-03 10:33:50');
INSERT INTO reactions (id, message_id, user_id, emoji, created_at) VALUES (95, 306, 34, '', '2025-04-30 19:10:38');
INSERT INTO reactions (id, message_id, user_id, emoji, created_at) VALUES (96, 352, 9, '', '2025-10-29 10:37:48');
INSERT INTO reactions (id, message_id, user_id, emoji, created_at) VALUES (97, 251, 23, '', '2025-01-16 09:57:00');
INSERT INTO reactions (id, message_id, user_id, emoji, created_at) VALUES (98, 207, 2, '', '2025-02-08 11:57:03');
INSERT INTO reactions (id, message_id, user_id, emoji, created_at) VALUES (99, 373, 9, '', '2025-08-25 11:12:52');
INSERT INTO reactions (id, message_id, user_id, emoji, created_at) VALUES (100, 12, 38, '', '2025-01-18 00:10:35');
INSERT INTO reactions (id, message_id, user_id, emoji, created_at) VALUES (101, 64, 24, '', '2025-07-24 00:36:00');
INSERT INTO reactions (id, message_id, user_id, emoji, created_at) VALUES (102, 20, 25, '', '2025-02-20 17:15:08');
INSERT INTO reactions (id, message_id, user_id, emoji, created_at) VALUES (103, 395, 35, '', '2024-12-02 05:59:15');
INSERT INTO reactions (id, message_id, user_id, emoji, created_at) VALUES (104, 305, 4, '', '2024-12-25 08:48:53');
INSERT INTO reactions (id, message_id, user_id, emoji, created_at) VALUES (105, 335, 54, '', '2024-12-02 02:42:27');
INSERT INTO reactions (id, message_id, user_id, emoji, created_at) VALUES (106, 354, 8, '', '2025-05-04 22:26:01');
INSERT INTO reactions (id, message_id, user_id, emoji, created_at) VALUES (107, 195, 8, '', '2025-02-19 12:48:57');
INSERT INTO reactions (id, message_id, user_id, emoji, created_at) VALUES (108, 243, 45, '', '2025-02-01 04:28:33');
INSERT INTO reactions (id, message_id, user_id, emoji, created_at) VALUES (109, 356, 44, '', '2024-11-16 23:50:56');
INSERT INTO reactions (id, message_id, user_id, emoji, created_at) VALUES (110, 155, 27, '', '2024-12-22 14:19:29');
INSERT INTO reactions (id, message_id, user_id, emoji, created_at) VALUES (111, 340, 34, '', '2025-07-13 06:01:13');
INSERT INTO reactions (id, message_id, user_id, emoji, created_at) VALUES (112, 311, 45, '', '2025-04-25 00:51:48');
INSERT INTO reactions (id, message_id, user_id, emoji, created_at) VALUES (113, 54, 33, '', '2025-07-11 06:29:12');
INSERT INTO reactions (id, message_id, user_id, emoji, created_at) VALUES (114, 61, 19, '', '2025-09-14 03:37:06');
INSERT INTO reactions (id, message_id, user_id, emoji, created_at) VALUES (115, 55, 32, '', '2025-07-07 21:25:57');
INSERT INTO reactions (id, message_id, user_id, emoji, created_at) VALUES (116, 103, 50, '', '2025-10-02 07:15:18');
INSERT INTO reactions (id, message_id, user_id, emoji, created_at) VALUES (117, 268, 13, '', '2025-08-13 13:37:48');
INSERT INTO reactions (id, message_id, user_id, emoji, created_at) VALUES (118, 210, 19, '', '2024-11-28 16:24:44');
INSERT INTO reactions (id, message_id, user_id, emoji, created_at) VALUES (119, 281, 32, '', '2025-08-07 15:38:59');
INSERT INTO reactions (id, message_id, user_id, emoji, created_at) VALUES (120, 247, 22, '', '2024-11-14 10:38:40');
INSERT INTO reactions (id, message_id, user_id, emoji, created_at) VALUES (121, 7, 43, '', '2025-10-31 13:51:32');
INSERT INTO reactions (id, message_id, user_id, emoji, created_at) VALUES (122, 57, 54, '', '2025-07-31 04:51:38');
INSERT INTO reactions (id, message_id, user_id, emoji, created_at) VALUES (123, 253, 10, '', '2025-09-12 02:50:07');
INSERT INTO reactions (id, message_id, user_id, emoji, created_at) VALUES (124, 262, 5, '', '2025-08-21 09:20:38');
INSERT INTO reactions (id, message_id, user_id, emoji, created_at) VALUES (125, 52, 58, '', '2025-07-21 14:46:43');
INSERT INTO reactions (id, message_id, user_id, emoji, created_at) VALUES (126, 119, 30, '', '2025-02-23 22:56:53');
INSERT INTO reactions (id, message_id, user_id, emoji, created_at) VALUES (127, 238, 4, '', '2025-09-25 04:29:47');
INSERT INTO reactions (id, message_id, user_id, emoji, created_at) VALUES (128, 90, 56, '', '2025-10-10 08:39:28');
INSERT INTO reactions (id, message_id, user_id, emoji, created_at) VALUES (129, 149, 24, '', '2025-03-14 19:45:57');
INSERT INTO reactions (id, message_id, user_id, emoji, created_at) VALUES (130, 219, 48, '', '2024-12-20 06:34:27');
INSERT INTO reactions (id, message_id, user_id, emoji, created_at) VALUES (131, 389, 57, '', '2024-11-17 03:16:37');
INSERT INTO reactions (id, message_id, user_id, emoji, created_at) VALUES (132, 71, 43, '', '2025-01-18 14:24:50');
INSERT INTO reactions (id, message_id, user_id, emoji, created_at) VALUES (133, 169, 23, '', '2025-07-12 20:47:09');
INSERT INTO reactions (id, message_id, user_id, emoji, created_at) VALUES (134, 138, 57, '', '2024-12-19 11:29:36');
INSERT INTO reactions (id, message_id, user_id, emoji, created_at) VALUES (135, 191, 53, '', '2025-01-23 09:35:27');
INSERT INTO reactions (id, message_id, user_id, emoji, created_at) VALUES (136, 59, 26, '', '2025-05-09 16:22:24');
INSERT INTO reactions (id, message_id, user_id, emoji, created_at) VALUES (137, 140, 54, '', '2025-08-08 07:28:52');
INSERT INTO reactions (id, message_id, user_id, emoji, created_at) VALUES (138, 245, 52, '', '2025-07-23 08:48:43');
INSERT INTO reactions (id, message_id, user_id, emoji, created_at) VALUES (139, 86, 8, '', '2025-08-10 17:53:52');
INSERT INTO reactions (id, message_id, user_id, emoji, created_at) VALUES (140, 372, 4, '', '2024-12-23 15:48:02');
INSERT INTO reactions (id, message_id, user_id, emoji, created_at) VALUES (141, 214, 59, '', '2025-05-19 19:58:48');
INSERT INTO reactions (id, message_id, user_id, emoji, created_at) VALUES (142, 292, 44, '', '2025-01-22 18:35:43');
INSERT INTO reactions (id, message_id, user_id, emoji, created_at) VALUES (143, 313, 25, '', '2025-07-08 19:23:52');
INSERT INTO reactions (id, message_id, user_id, emoji, created_at) VALUES (144, 15, 56, '', '2025-10-21 02:51:18');
INSERT INTO reactions (id, message_id, user_id, emoji, created_at) VALUES (145, 373, 58, '', '2025-05-19 23:45:11');
INSERT INTO reactions (id, message_id, user_id, emoji, created_at) VALUES (146, 250, 8, '', '2025-05-03 12:37:59');
INSERT INTO reactions (id, message_id, user_id, emoji, created_at) VALUES (147, 24, 5, '', '2025-07-25 17:55:14');
INSERT INTO reactions (id, message_id, user_id, emoji, created_at) VALUES (148, 161, 1, '', '2025-10-16 14:34:04');
INSERT INTO reactions (id, message_id, user_id, emoji, created_at) VALUES (149, 348, 34, '', '2025-06-25 07:52:57');
INSERT INTO reactions (id, message_id, user_id, emoji, created_at) VALUES (150, 371, 37, '', '2025-07-31 12:31:34');
INSERT INTO reactions (id, message_id, user_id, emoji, created_at) VALUES (151, 174, 34, '', '2025-08-07 16:00:05');
INSERT INTO reactions (id, message_id, user_id, emoji, created_at) VALUES (152, 359, 40, '', '2025-04-30 11:33:33');
INSERT INTO reactions (id, message_id, user_id, emoji, created_at) VALUES (153, 339, 47, '', '2025-05-19 13:02:04');
INSERT INTO reactions (id, message_id, user_id, emoji, created_at) VALUES (154, 178, 43, '', '2025-07-20 11:26:50');
INSERT INTO reactions (id, message_id, user_id, emoji, created_at) VALUES (155, 198, 10, '', '2025-10-25 19:44:37');
INSERT INTO reactions (id, message_id, user_id, emoji, created_at) VALUES (156, 314, 4, '', '2025-07-21 06:02:06');
INSERT INTO reactions (id, message_id, user_id, emoji, created_at) VALUES (157, 81, 33, '', '2025-10-10 05:08:20');
INSERT INTO reactions (id, message_id, user_id, emoji, created_at) VALUES (158, 254, 56, '', '2024-12-12 10:55:08');
INSERT INTO reactions (id, message_id, user_id, emoji, created_at) VALUES (159, 385, 32, '', '2025-02-14 22:23:56');
INSERT INTO reactions (id, message_id, user_id, emoji, created_at) VALUES (160, 170, 18, '', '2025-05-29 06:02:53');
INSERT INTO reactions (id, message_id, user_id, emoji, created_at) VALUES (161, 115, 36, '', '2025-04-09 10:16:57');
INSERT INTO reactions (id, message_id, user_id, emoji, created_at) VALUES (162, 207, 53, '', '2024-12-13 23:52:43');
INSERT INTO reactions (id, message_id, user_id, emoji, created_at) VALUES (163, 236, 29, '', '2025-05-06 09:42:21');
INSERT INTO reactions (id, message_id, user_id, emoji, created_at) VALUES (164, 46, 55, '', '2025-05-06 00:06:04');
INSERT INTO reactions (id, message_id, user_id, emoji, created_at) VALUES (165, 162, 8, '', '2025-08-29 19:15:18');
INSERT INTO reactions (id, message_id, user_id, emoji, created_at) VALUES (166, 335, 2, '', '2025-04-19 01:27:16');
INSERT INTO reactions (id, message_id, user_id, emoji, created_at) VALUES (167, 212, 3, '', '2025-06-14 15:05:46');
INSERT INTO reactions (id, message_id, user_id, emoji, created_at) VALUES (168, 1, 53, '', '2025-09-16 21:04:46');
INSERT INTO reactions (id, message_id, user_id, emoji, created_at) VALUES (169, 310, 40, '', '2025-03-11 16:10:59');
INSERT INTO reactions (id, message_id, user_id, emoji, created_at) VALUES (170, 261, 36, '', '2025-07-25 14:24:04');
INSERT INTO reactions (id, message_id, user_id, emoji, created_at) VALUES (171, 344, 30, '', '2025-04-03 11:43:18');
INSERT INTO reactions (id, message_id, user_id, emoji, created_at) VALUES (172, 28, 53, '', '2025-10-07 06:44:00');
INSERT INTO reactions (id, message_id, user_id, emoji, created_at) VALUES (173, 233, 22, '', '2025-09-07 09:57:49');
INSERT INTO reactions (id, message_id, user_id, emoji, created_at) VALUES (174, 318, 39, '', '2025-08-18 16:51:42');
INSERT INTO reactions (id, message_id, user_id, emoji, created_at) VALUES (175, 337, 24, '', '2025-05-08 03:01:57');
INSERT INTO reactions (id, message_id, user_id, emoji, created_at) VALUES (176, 59, 7, '', '2025-02-07 11:57:26');
INSERT INTO reactions (id, message_id, user_id, emoji, created_at) VALUES (177, 2, 22, '', '2025-10-01 16:12:10');
INSERT INTO reactions (id, message_id, user_id, emoji, created_at) VALUES (178, 325, 52, '', '2025-06-14 01:58:14');
INSERT INTO reactions (id, message_id, user_id, emoji, created_at) VALUES (179, 268, 24, '', '2024-12-24 16:07:10');
INSERT INTO reactions (id, message_id, user_id, emoji, created_at) VALUES (180, 24, 58, '', '2025-05-23 14:49:53');
INSERT INTO reactions (id, message_id, user_id, emoji, created_at) VALUES (181, 72, 53, '', '2025-08-28 17:49:39');
INSERT INTO reactions (id, message_id, user_id, emoji, created_at) VALUES (182, 370, 27, '', '2025-02-20 03:16:21');
INSERT INTO reactions (id, message_id, user_id, emoji, created_at) VALUES (183, 313, 13, '', '2024-12-30 06:33:24');
INSERT INTO reactions (id, message_id, user_id, emoji, created_at) VALUES (184, 202, 14, '', '2025-09-29 14:31:33');
INSERT INTO reactions (id, message_id, user_id, emoji, created_at) VALUES (185, 98, 46, '', '2024-12-25 05:34:26');
INSERT INTO reactions (id, message_id, user_id, emoji, created_at) VALUES (186, 388, 27, '', '2025-11-08 05:54:34');
INSERT INTO reactions (id, message_id, user_id, emoji, created_at) VALUES (187, 325, 54, '', '2025-06-30 01:14:30');
INSERT INTO reactions (id, message_id, user_id, emoji, created_at) VALUES (188, 64, 50, '', '2025-05-10 00:17:18');
INSERT INTO reactions (id, message_id, user_id, emoji, created_at) VALUES (189, 338, 38, '', '2025-01-04 16:01:22');
INSERT INTO reactions (id, message_id, user_id, emoji, created_at) VALUES (190, 256, 1, '', '2025-08-26 07:08:08');
INSERT INTO reactions (id, message_id, user_id, emoji, created_at) VALUES (191, 25, 36, '', '2025-10-05 03:27:26');
INSERT INTO reactions (id, message_id, user_id, emoji, created_at) VALUES (192, 300, 31, '', '2025-09-12 17:19:53');
INSERT INTO reactions (id, message_id, user_id, emoji, created_at) VALUES (193, 91, 45, '', '2025-01-19 19:39:44');
INSERT INTO reactions (id, message_id, user_id, emoji, created_at) VALUES (194, 375, 53, '', '2024-12-23 14:19:02');
INSERT INTO reactions (id, message_id, user_id, emoji, created_at) VALUES (195, 199, 43, '', '2025-07-06 18:57:08');
INSERT INTO reactions (id, message_id, user_id, emoji, created_at) VALUES (196, 165, 33, '', '2025-04-24 23:21:45');
INSERT INTO reactions (id, message_id, user_id, emoji, created_at) VALUES (197, 312, 59, '', '2025-09-05 10:58:16');
INSERT INTO reactions (id, message_id, user_id, emoji, created_at) VALUES (198, 128, 18, '', '2025-03-26 12:48:00');
INSERT INTO reactions (id, message_id, user_id, emoji, created_at) VALUES (199, 151, 29, '', '2025-01-06 01:03:19');
INSERT INTO reactions (id, message_id, user_id, emoji, created_at) VALUES (200, 212, 39, '', '2025-10-23 15:18:53');
INSERT INTO reactions (id, message_id, user_id, emoji, created_at) VALUES (201, 384, 33, '', '2025-10-06 19:08:51');
INSERT INTO reactions (id, message_id, user_id, emoji, created_at) VALUES (202, 360, 36, '', '2025-08-16 20:16:27');
INSERT INTO reactions (id, message_id, user_id, emoji, created_at) VALUES (203, 378, 60, '', '2025-07-17 01:13:40');
INSERT INTO reactions (id, message_id, user_id, emoji, created_at) VALUES (204, 112, 13, '', '2025-07-13 18:47:16');
INSERT INTO reactions (id, message_id, user_id, emoji, created_at) VALUES (205, 366, 19, '', '2025-03-27 11:29:37');
INSERT INTO reactions (id, message_id, user_id, emoji, created_at) VALUES (206, 345, 9, '', '2025-07-23 20:22:07');
INSERT INTO reactions (id, message_id, user_id, emoji, created_at) VALUES (207, 92, 33, '', '2025-08-10 00:34:51');
INSERT INTO reactions (id, message_id, user_id, emoji, created_at) VALUES (208, 327, 21, '', '2024-12-28 04:46:45');
INSERT INTO reactions (id, message_id, user_id, emoji, created_at) VALUES (209, 390, 23, '', '2025-05-18 22:29:47');
INSERT INTO reactions (id, message_id, user_id, emoji, created_at) VALUES (210, 299, 37, '', '2025-08-16 03:57:23');
INSERT INTO reactions (id, message_id, user_id, emoji, created_at) VALUES (211, 214, 44, '', '2025-10-26 12:33:33');
INSERT INTO reactions (id, message_id, user_id, emoji, created_at) VALUES (212, 274, 19, '', '2025-09-23 07:04:15');
INSERT INTO reactions (id, message_id, user_id, emoji, created_at) VALUES (213, 7, 34, '', '2024-11-23 04:40:40');
INSERT INTO reactions (id, message_id, user_id, emoji, created_at) VALUES (214, 196, 10, '', '2025-07-31 16:20:46');
INSERT INTO reactions (id, message_id, user_id, emoji, created_at) VALUES (215, 29, 13, '', '2025-08-31 17:21:20');
INSERT INTO reactions (id, message_id, user_id, emoji, created_at) VALUES (216, 83, 19, '', '2025-02-18 16:31:20');
INSERT INTO reactions (id, message_id, user_id, emoji, created_at) VALUES (217, 75, 54, '', '2025-08-08 13:56:05');
INSERT INTO reactions (id, message_id, user_id, emoji, created_at) VALUES (218, 152, 14, '', '2024-11-25 22:14:30');
INSERT INTO reactions (id, message_id, user_id, emoji, created_at) VALUES (219, 184, 53, '', '2024-12-23 04:18:26');
INSERT INTO reactions (id, message_id, user_id, emoji, created_at) VALUES (220, 316, 56, '', '2025-08-27 13:41:38');
INSERT INTO reactions (id, message_id, user_id, emoji, created_at) VALUES (221, 288, 56, '', '2025-08-28 16:54:45');
INSERT INTO reactions (id, message_id, user_id, emoji, created_at) VALUES (222, 332, 36, '', '2025-02-13 15:40:29');
INSERT INTO reactions (id, message_id, user_id, emoji, created_at) VALUES (223, 262, 51, '', '2025-03-05 02:06:39');
INSERT INTO reactions (id, message_id, user_id, emoji, created_at) VALUES (224, 355, 43, '', '2025-11-08 04:35:19');
INSERT INTO reactions (id, message_id, user_id, emoji, created_at) VALUES (225, 196, 25, '', '2025-09-15 10:51:22');
INSERT INTO reactions (id, message_id, user_id, emoji, created_at) VALUES (226, 351, 21, '', '2024-12-04 06:35:50');
INSERT INTO reactions (id, message_id, user_id, emoji, created_at) VALUES (227, 7, 48, '', '2025-01-31 06:02:04');
INSERT INTO reactions (id, message_id, user_id, emoji, created_at) VALUES (228, 318, 56, '', '2025-10-01 17:07:52');
INSERT INTO reactions (id, message_id, user_id, emoji, created_at) VALUES (229, 116, 59, '', '2025-08-14 00:44:36');
INSERT INTO reactions (id, message_id, user_id, emoji, created_at) VALUES (230, 364, 42, '', '2025-09-02 15:14:18');
INSERT INTO reactions (id, message_id, user_id, emoji, created_at) VALUES (231, 302, 35, '', '2025-07-05 17:05:55');
INSERT INTO reactions (id, message_id, user_id, emoji, created_at) VALUES (232, 101, 50, '', '2025-01-27 12:39:13');
INSERT INTO reactions (id, message_id, user_id, emoji, created_at) VALUES (233, 151, 29, '', '2025-08-05 11:57:58');
INSERT INTO reactions (id, message_id, user_id, emoji, created_at) VALUES (234, 39, 12, '', '2025-08-25 20:33:42');
INSERT INTO reactions (id, message_id, user_id, emoji, created_at) VALUES (235, 264, 8, '', '2024-11-29 03:51:46');
INSERT INTO reactions (id, message_id, user_id, emoji, created_at) VALUES (236, 220, 18, '', '2025-02-24 00:00:57');
INSERT INTO reactions (id, message_id, user_id, emoji, created_at) VALUES (237, 67, 11, '', '2025-10-07 22:32:53');
INSERT INTO reactions (id, message_id, user_id, emoji, created_at) VALUES (238, 131, 1, '', '2025-05-13 11:38:51');
INSERT INTO reactions (id, message_id, user_id, emoji, created_at) VALUES (239, 364, 60, '', '2024-11-28 21:23:51');
INSERT INTO reactions (id, message_id, user_id, emoji, created_at) VALUES (240, 79, 60, '', '2025-07-03 04:27:08');
INSERT INTO reactions (id, message_id, user_id, emoji, created_at) VALUES (241, 27, 50, '', '2025-07-10 11:00:47');
INSERT INTO reactions (id, message_id, user_id, emoji, created_at) VALUES (242, 339, 20, '', '2025-09-16 03:36:08');
INSERT INTO reactions (id, message_id, user_id, emoji, created_at) VALUES (243, 294, 36, '', '2024-12-11 16:25:21');
INSERT INTO reactions (id, message_id, user_id, emoji, created_at) VALUES (244, 363, 21, '', '2025-02-06 19:19:08');
INSERT INTO reactions (id, message_id, user_id, emoji, created_at) VALUES (245, 95, 34, '', '2025-09-14 17:34:56');
INSERT INTO reactions (id, message_id, user_id, emoji, created_at) VALUES (246, 259, 11, '', '2025-06-12 06:59:54');
INSERT INTO reactions (id, message_id, user_id, emoji, created_at) VALUES (247, 275, 26, '', '2025-03-29 01:47:45');
INSERT INTO reactions (id, message_id, user_id, emoji, created_at) VALUES (248, 114, 57, '', '2025-07-28 23:50:59');
INSERT INTO reactions (id, message_id, user_id, emoji, created_at) VALUES (249, 170, 22, '', '2025-03-07 09:26:08');
INSERT INTO reactions (id, message_id, user_id, emoji, created_at) VALUES (250, 112, 49, '', '2025-06-07 09:43:57');
INSERT INTO reactions (id, message_id, user_id, emoji, created_at) VALUES (251, 244, 36, '', '2024-11-16 19:10:51');
INSERT INTO reactions (id, message_id, user_id, emoji, created_at) VALUES (252, 59, 43, '', '2025-05-05 11:02:39');
INSERT INTO reactions (id, message_id, user_id, emoji, created_at) VALUES (253, 124, 58, '', '2025-07-09 17:13:59');
INSERT INTO reactions (id, message_id, user_id, emoji, created_at) VALUES (254, 319, 16, '', '2025-08-05 10:57:51');
INSERT INTO reactions (id, message_id, user_id, emoji, created_at) VALUES (255, 165, 25, '', '2025-04-12 05:44:55');
INSERT INTO reactions (id, message_id, user_id, emoji, created_at) VALUES (256, 132, 35, '', '2025-03-03 05:16:54');
INSERT INTO reactions (id, message_id, user_id, emoji, created_at) VALUES (257, 13, 59, '', '2025-09-28 15:44:10');
INSERT INTO reactions (id, message_id, user_id, emoji, created_at) VALUES (258, 395, 24, '', '2025-09-21 03:55:07');
INSERT INTO reactions (id, message_id, user_id, emoji, created_at) VALUES (259, 261, 29, '', '2024-11-30 09:51:05');
INSERT INTO reactions (id, message_id, user_id, emoji, created_at) VALUES (260, 152, 58, '', '2025-01-27 03:28:11');
INSERT INTO reactions (id, message_id, user_id, emoji, created_at) VALUES (261, 165, 33, '', '2024-12-20 15:30:11');
INSERT INTO reactions (id, message_id, user_id, emoji, created_at) VALUES (262, 86, 50, '', '2025-06-08 10:57:46');
INSERT INTO reactions (id, message_id, user_id, emoji, created_at) VALUES (263, 4, 41, '', '2025-02-03 05:45:00');
INSERT INTO reactions (id, message_id, user_id, emoji, created_at) VALUES (264, 344, 41, '', '2025-10-15 07:03:02');
INSERT INTO reactions (id, message_id, user_id, emoji, created_at) VALUES (265, 351, 28, '', '2025-02-01 05:15:53');
INSERT INTO reactions (id, message_id, user_id, emoji, created_at) VALUES (266, 276, 54, '', '2025-10-20 14:37:01');
INSERT INTO reactions (id, message_id, user_id, emoji, created_at) VALUES (267, 380, 50, '', '2025-07-22 11:30:40');
INSERT INTO reactions (id, message_id, user_id, emoji, created_at) VALUES (268, 37, 48, '', '2025-01-12 02:13:15');
INSERT INTO reactions (id, message_id, user_id, emoji, created_at) VALUES (269, 13, 30, '', '2025-03-22 04:56:09');
INSERT INTO reactions (id, message_id, user_id, emoji, created_at) VALUES (270, 20, 6, '', '2024-12-04 10:56:22');
INSERT INTO reactions (id, message_id, user_id, emoji, created_at) VALUES (271, 92, 51, '', '2025-06-18 02:50:46');
INSERT INTO reactions (id, message_id, user_id, emoji, created_at) VALUES (272, 37, 37, '', '2025-11-02 04:08:05');
INSERT INTO reactions (id, message_id, user_id, emoji, created_at) VALUES (273, 133, 27, '', '2025-05-07 13:55:13');
INSERT INTO reactions (id, message_id, user_id, emoji, created_at) VALUES (274, 323, 26, '', '2025-03-16 06:13:32');
INSERT INTO reactions (id, message_id, user_id, emoji, created_at) VALUES (275, 9, 25, '', '2024-12-29 07:48:50');
INSERT INTO reactions (id, message_id, user_id, emoji, created_at) VALUES (276, 274, 1, '', '2025-08-20 02:40:24');
INSERT INTO reactions (id, message_id, user_id, emoji, created_at) VALUES (277, 317, 5, '', '2025-06-28 19:23:12');
INSERT INTO reactions (id, message_id, user_id, emoji, created_at) VALUES (278, 24, 45, '', '2025-04-01 07:07:52');
INSERT INTO reactions (id, message_id, user_id, emoji, created_at) VALUES (279, 258, 7, '', '2025-09-14 23:29:18');
INSERT INTO reactions (id, message_id, user_id, emoji, created_at) VALUES (280, 352, 20, '', '2024-12-16 23:24:41');
INSERT INTO reactions (id, message_id, user_id, emoji, created_at) VALUES (281, 145, 49, '', '2025-04-10 12:09:23');
INSERT INTO reactions (id, message_id, user_id, emoji, created_at) VALUES (282, 203, 53, '', '2024-11-25 08:22:47');
INSERT INTO reactions (id, message_id, user_id, emoji, created_at) VALUES (283, 243, 11, '', '2025-02-06 18:25:17');
INSERT INTO reactions (id, message_id, user_id, emoji, created_at) VALUES (284, 70, 48, '', '2025-09-18 19:33:47');
INSERT INTO reactions (id, message_id, user_id, emoji, created_at) VALUES (285, 280, 19, '', '2025-01-08 08:00:20');
INSERT INTO reactions (id, message_id, user_id, emoji, created_at) VALUES (286, 153, 44, '', '2025-07-23 00:22:07');
INSERT INTO reactions (id, message_id, user_id, emoji, created_at) VALUES (287, 192, 1, '', '2025-10-19 02:32:35');
INSERT INTO reactions (id, message_id, user_id, emoji, created_at) VALUES (288, 285, 10, '', '2024-11-29 14:28:42');
INSERT INTO reactions (id, message_id, user_id, emoji, created_at) VALUES (289, 3, 37, '', '2025-04-15 10:13:55');
INSERT INTO reactions (id, message_id, user_id, emoji, created_at) VALUES (290, 276, 36, '', '2025-03-11 17:03:06');
INSERT INTO reactions (id, message_id, user_id, emoji, created_at) VALUES (291, 108, 48, '', '2025-10-30 06:47:13');
INSERT INTO reactions (id, message_id, user_id, emoji, created_at) VALUES (292, 372, 23, '', '2025-04-22 15:20:35');
INSERT INTO reactions (id, message_id, user_id, emoji, created_at) VALUES (293, 331, 55, '', '2025-01-07 16:54:08');
INSERT INTO reactions (id, message_id, user_id, emoji, created_at) VALUES (294, 83, 12, '', '2025-07-10 22:54:31');
INSERT INTO reactions (id, message_id, user_id, emoji, created_at) VALUES (295, 130, 13, '', '2025-01-22 19:30:12');
INSERT INTO reactions (id, message_id, user_id, emoji, created_at) VALUES (296, 344, 52, '', '2025-10-10 08:40:50');
INSERT INTO reactions (id, message_id, user_id, emoji, created_at) VALUES (297, 28, 55, '', '2025-05-11 12:25:39');
INSERT INTO reactions (id, message_id, user_id, emoji, created_at) VALUES (298, 331, 36, '', '2025-03-06 06:12:13');
INSERT INTO reactions (id, message_id, user_id, emoji, created_at) VALUES (299, 344, 5, '', '2024-12-21 12:26:13');
INSERT INTO reactions (id, message_id, user_id, emoji, created_at) VALUES (300, 102, 47, '', '2025-05-21 14:04:05');

-- invites
INSERT INTO invites (id, server_id, channel_id, inviter_id, expires_at, max_uses, uses) VALUES (1, 6, 44, 7, NULL, NULL, 0);
INSERT INTO invites (id, server_id, channel_id, inviter_id, expires_at, max_uses, uses) VALUES (2, 4, 32, 22, '2025-03-12 02:13:35', 20, 18);
INSERT INTO invites (id, server_id, channel_id, inviter_id, expires_at, max_uses, uses) VALUES (3, 10, 78, 28, NULL, NULL, 0);
INSERT INTO invites (id, server_id, channel_id, inviter_id, expires_at, max_uses, uses) VALUES (4, 4, NULL, 42, '2025-10-05 15:31:03', NULL, 0);
INSERT INTO invites (id, server_id, channel_id, inviter_id, expires_at, max_uses, uses) VALUES (5, 11, NULL, 57, '2025-05-05 08:09:41', NULL, 0);
INSERT INTO invites (id, server_id, channel_id, inviter_id, expires_at, max_uses, uses) VALUES (6, 5, 34, 12, '2024-12-15 05:10:28', 18, 17);
INSERT INTO invites (id, server_id, channel_id, inviter_id, expires_at, max_uses, uses) VALUES (7, 4, 26, 47, NULL, NULL, 0);
INSERT INTO invites (id, server_id, channel_id, inviter_id, expires_at, max_uses, uses) VALUES (8, 9, NULL, 53, '2025-04-19 17:15:04', 28, 1);
INSERT INTO invites (id, server_id, channel_id, inviter_id, expires_at, max_uses, uses) VALUES (9, 9, 72, 42, '2025-04-04 10:48:04', NULL, 0);
INSERT INTO invites (id, server_id, channel_id, inviter_id, expires_at, max_uses, uses) VALUES (10, 10, NULL, 19, NULL, 12, 6);
INSERT INTO invites (id, server_id, channel_id, inviter_id, expires_at, max_uses, uses) VALUES (11, 6, NULL, 43, NULL, 79, 21);
INSERT INTO invites (id, server_id, channel_id, inviter_id, expires_at, max_uses, uses) VALUES (12, 9, 67, 12, '2025-06-21 02:52:46', 19, 15);
INSERT INTO invites (id, server_id, channel_id, inviter_id, expires_at, max_uses, uses) VALUES (13, 6, 48, 15, NULL, NULL, 0);
INSERT INTO invites (id, server_id, channel_id, inviter_id, expires_at, max_uses, uses) VALUES (14, 1, NULL, 34, '2025-04-02 16:13:52', NULL, 0);
INSERT INTO invites (id, server_id, channel_id, inviter_id, expires_at, max_uses, uses) VALUES (15, 8, NULL, 3, '2025-03-19 05:41:10', NULL, 0);
INSERT INTO invites (id, server_id, channel_id, inviter_id, expires_at, max_uses, uses) VALUES (16, 9, NULL, 18, '2025-02-23 15:24:29', 73, 22);
INSERT INTO invites (id, server_id, channel_id, inviter_id, expires_at, max_uses, uses) VALUES (17, 7, NULL, 24, '2025-10-28 05:12:11', 67, 32);
INSERT INTO invites (id, server_id, channel_id, inviter_id, expires_at, max_uses, uses) VALUES (18, 7, NULL, 15, '2025-03-30 10:22:20', 45, 31);
INSERT INTO invites (id, server_id, channel_id, inviter_id, expires_at, max_uses, uses) VALUES (19, 8, NULL, 1, '2025-01-06 08:24:10', 30, 2);
INSERT INTO invites (id, server_id, channel_id, inviter_id, expires_at, max_uses, uses) VALUES (20, 9, NULL, 14, NULL, NULL, 0);
INSERT INTO invites (id, server_id, channel_id, inviter_id, expires_at, max_uses, uses) VALUES (21, 10, NULL, 8, '2025-04-23 09:36:14', 93, 14);
INSERT INTO invites (id, server_id, channel_id, inviter_id, expires_at, max_uses, uses) VALUES (22, 8, NULL, 31, NULL, NULL, 0);
INSERT INTO invites (id, server_id, channel_id, inviter_id, expires_at, max_uses, uses) VALUES (23, 7, 49, 9, '2025-01-14 22:57:24', NULL, 0);
INSERT INTO invites (id, server_id, channel_id, inviter_id, expires_at, max_uses, uses) VALUES (24, 9, 67, 4, NULL, 67, 51);
INSERT INTO invites (id, server_id, channel_id, inviter_id, expires_at, max_uses, uses) VALUES (25, 10, NULL, 41, NULL, 85, 36);
INSERT INTO invites (id, server_id, channel_id, inviter_id, expires_at, max_uses, uses) VALUES (26, 2, 16, 56, '2025-02-06 13:44:36', 77, 18);
INSERT INTO invites (id, server_id, channel_id, inviter_id, expires_at, max_uses, uses) VALUES (27, 10, NULL, 12, '2025-05-30 18:10:16', NULL, 0);
INSERT INTO invites (id, server_id, channel_id, inviter_id, expires_at, max_uses, uses) VALUES (28, 12, NULL, 60, '2025-06-30 17:52:41', NULL, 0);
INSERT INTO invites (id, server_id, channel_id, inviter_id, expires_at, max_uses, uses) VALUES (29, 7, 50, 2, NULL, 65, 53);
INSERT INTO invites (id, server_id, channel_id, inviter_id, expires_at, max_uses, uses) VALUES (30, 3, NULL, 12, '2025-07-10 02:59:33', 69, 64);
